品番,シーズン,タイプ,シーン1,シーン2,補整力,シルエット,cluster,medoid_score,tsne_x,tsne_y,tsne_x_pred,tsne_y_pred
BT09501,夏,一般,見せる,日中,2,自然,2,0.0,0.8792303,0.21192443,0.8341940126687492,0.19039574235338846
BT09503,夏,一般,見せる,日中,2,自然,2,9.313225746154783e-10,0.8792303,0.21192443,0.8341940126687492,0.19039574235338846
CA525301,通年,一般,見せる,日中,3,高さ/自然,4,0.0327725042580505,0.52142894,0.83954346,0.9128517476741453,0.6695630259311446
CA525104,通年,一般,見せる,日中,3,高さ/自然,4,0.0327725042580505,0.52142894,0.83954346,0.9128517476741453,0.6695630259311446
CA526101,夏,一般,見せる,日中,3,高さ/自然,2,0.0192075627599944,0.7885666,0.3008151,1.0947480467777388,0.579952100108166
CA126106,通年,一般,見せない,日中,4,高さ,1,0.0062476440170047,0.88980234,0.791095,0.825433291677059,0.7964455360275559
CA126115,通年,一般,見せない,日中,4,高さ,1,0.0062476440170048,0.88980234,0.791095,0.825433291677059,0.7964455360275559
DB12417,通年,グラマー,見せない,日中,4,自然,1,0.0401036759301155,0.695611,0.7348157,0.593720833122335,0.6727587857402101
DB12420,通年,グラマー,見せない,日中,4,自然,1,0.0401036759301155,0.695611,0.7348157,0.593720833122335,0.6727587857402101
DB124201,通年,一般,見せない,日中,3,自然,3,0.0095192816511106,0.2338959,0.747425,0.35045884617001055,0.5560774891274172
DB124202,通年,一般,見せない,日中,3,自然,3,0.0095192816511106,0.2338959,0.747425,0.35045884617001055,0.5560774891274172
DB12422,通年,一般,見せない,日中,3,自然,3,0.0110746010447276,0.24934584,0.6377522,0.35045884617001055,0.5560774891274172
DB12424,通年,一般,見せない,日中,3,自然,3,0.0204077147403558,0.31537807,0.69323516,0.35045884617001055,0.5560774891274172
DB124302,通年,一般,見せない,日中,4,自然,4,0.0139231484219869,0.53548974,0.6174743,0.42663963085351336,0.8303999677377324
DB125101,通年,プチ~一般,見せない,日中,3,自然,3,0.0061808617578809,0.094744205,0.6723608,0.1720038565955595,0.700825627835591
DB125102,通年,プチ~一般,見せない,日中,3,自然,3,0.0061808617578809,0.094744205,0.6723608,0.1720038565955595,0.700825627835591
DB125103,通年,プチ~一般,見せない,日中,3,自然,3,0.0,0.17335606,0.67945653,0.1720038565955595,0.700825627835591
DB125202,通年,一般,見せない,日中,3,自然,3,0.0092679512806637,0.26600397,0.8396435,0.35045884617001055,0.5560774891274172
DB125203,通年,一般,見せない,日中,3,自然,3,0.0110746010447276,0.24934584,0.6377522,0.35045884617001055,0.5560774891274172
DB125401,通年,プチ~一般,見せない,日中,3,自然,3,0.0117053920911621,0.055315495,0.578282,0.1720038565955595,0.700825627835591
DB524201,通年,プチ~一般,見せない,日中,2,自然,3,0.0155057099367417,0.16531682,0.5643785,0.09582307191205675,0.4265031492252759
DB524203,通年,一般~グラマー,見せない,日中,2,自然,0,0.0028745244893203,0.37271625,0.14914328,0.35009567605814673,0.16844416420740416
DB525101,通年,一般,見せない,日中,4,自然,4,0.0139231484219868,0.53548974,0.6174743,0.42663963085351336,0.8303999677377324
DB525102,通年,プチ~一般,見せない,日中,3,自然,3,0.0025789298269102,0.1754927,0.8422976,0.1720038565955595,0.700825627835591
DB525103,通年,プチ~一般,見せない,日中,3,自然,3,0.0045904758975526,0.13567102,0.76182806,0.1720038565955595,0.700825627835591
DB525104,通年,プチ~一般,見せない,日中,3,自然,3,0.0089294578482527,0.043407917,0.76284534,0.1720038565955595,0.700825627835591
DB525202,通年,プチ~一般,見せない,日中,2,自然,3,0.0155057099367416,0.16531682,0.5643785,0.09582307191205675,0.4265031492252759
DB525204,通年,一般~グラマー,見せない,日中,2,自然,0,0.0,0.33760297,0.02692163,0.35009567605814673,0.16844416420740416
DB525207,通年,一般~グラマー,見せない,日中,3,自然,4,0.0243171115627949,0.43164533,0.53106105,0.4262764607416495,0.4427666428177194
DB525301,通年,一般,見せる,日中,2,自然,2,0.0081716245627232,1.0,0.22981375,0.6522977135651558,0.280006668176367
DB525404,通年,プチ~一般,見せない,日中,3,自然,3,0.0094908741066775,0.087068975,0.8425774,0.1720038565955595,0.700825627835591
DB525406,通年,一般~グラマー,見せない,日中,4,自然,4,0.013129992478057,0.45628148,0.62242556,0.5024572454251524,0.7170891214280345
ME06601,夏,一般~グラマー,見せない,all,4,高さ/自然,1,0.0085445085205644,0.9775686,0.8746873,0.922758602638563,0.8734947344437968
ME08503,通年,一般,見せない,就寝,2,自然,4,0.0398325157233944,0.47270977,0.4498399,0.5338037800496549,0.42926553071578744
ME09502,夏,一般~グラマー,見せない,all,4,高さ/自然,1,0.0085445085205643,0.9775686,0.8746873,0.922758602638563,0.8734947344437968
ME118307,通年,プチ~一般,見せない,日中,3,高さ/自然,4,0.0068454904919498,0.5305296,0.7166961,0.35637710602104633,0.8160595069800535
ME122105,通年,一般~グラマー,見せない,all,4,高さ,1,0.0085980443835062,0.8713982,1.0,0.9552827149330283,0.8139173494121364
ME123102,夏,一般,見せない,日中,5,高さ,1,0.0049375965271013,0.9449717,0.7082522,1.083510375464155,0.9811570888148925
ME123103,通年,一般~グラマー,見せない,all,4,高さ/自然,1,0.0046654811463293,0.7949991,0.93323725,0.7408623035349695,0.9631056602667755
ME124103,夏,一般~グラマー,見せない,all,4,高さ/自然,1,0.0087778898503381,0.9545827,0.97278404,0.922758602638563,0.8734947344437968
ME124301,夏,一般~グラマー,見せない,日中,4,高さ/自然,1,0.0,0.8829798,0.8925184,0.8687267939542325,0.7427120747495184
ME124302,通年,プチ~一般,見せない,日中,3,自然,3,0.012513765261997,0.0,0.675467,0.1720038565955595,0.700825627835591
ME124303,通年,プチ~一般,見せない,日中,3,高さ/自然,4,3.2927225399135965e-10,0.44504082,0.7249236,0.35637710602104633,0.8160595069800535
ME124304,通年,一般~グラマー,見せない,all,2,自然,0,0.011502744038673,0.29957932,0.22062624,0.40412748474247717,0.29922682390168265
ME125101,通年,一般~グラマー,見せない,日中,4,高さ,1,0.0027663100394111,0.994936,0.780658,0.901250906248698,0.683134689717858
ME125102,通年,プチ~一般,見せない,日中,3,高さ/自然,4,0.0068897804285338,0.3826431,0.6573023,0.35637710602104633,0.8160595069800535
ME125301,夏,プチ~一般,見せない,日中,3,高さ/自然,4,0.0117480192617935,0.35600942,0.77540207,0.5382734051246396,0.7264485811570749
ME125302,通年,一般,見せない,就寝,3,高さ/自然,1,0.0362245857184966,0.76591015,0.65371066,0.7943578141586445,0.818821888470565
ME125303,通年,一般~グラマー,見せない,all,2,自然,0,0.0160418938646155,0.21439719,0.20463115,0.40412748474247717,0.29922682390168265
ME126101,通年,プチ,見せない,就寝,2,自然,4,0.0277099934872383,0.3302189,0.5633271,0.33021889999999976,0.5633271000000003
ME126103,夏,プチ~一般,見せる,日中,2,自然,2,0.0006249553458307,0.97378075,0.1321209,0.6557390230942981,0.33514388106156234
ME126104,夏,一般~グラマー,見せる,日中,2,自然,2,0.0006249553458314,0.97378075,0.1321209,0.9100116272403882,0.07708489604369062
ME518306,通年,プチ~一般,見せない,日中,3,高さ/自然,4,0.0,0.44504082,0.7249236,0.35637710602104633,0.8160595069800535
ME522301,通年,一般~グラマー,見せない,all,4,高さ/自然,1,0.0046654811463292,0.7949991,0.93323725,0.7408623035349695,0.9631056602667755
ME524301,夏,一般~グラマー,見せない,日中,4,高さ/自然,1,0.0,0.8829798,0.8925184,0.8687267939542325,0.7427120747495184
ME524302,通年,一般,見せない,日中,4,高さ/自然,1,0.0165414189559559,0.8080033,0.8284661,0.6110128802790001,0.9456338468821949
ME525101,夏,一般,見せる,日中,2,自然,2,0.0003024608695783,0.8733947,0.3332137,0.8341940126687492,0.19039574235338846
ME525301,夏,プチ~一般,見せない,日中,3,高さ/自然,4,0.0117480192617935,0.35600942,0.77540207,0.5382734051246396,0.7264485811570749
ME525303,通年,一般,見せない,日中,4,高さ/自然,1,0.0188573464722502,0.85102236,0.6963878,0.6110128802790001,0.9456338468821949
ME525304,冬,一般,見せる,日中,2,自然,2,0.0018677202547358,0.8751333,0.0838114,0.9425748230196618,0.11409562191481626
ME525305,夏,一般,見せる,日中,2,自然,2,0.0001098816022114,0.78226274,0.11924046,0.8341940126687492,0.19039574235338846
ME526101,夏,一般,見せる,日中,2,自然,2,0.0,0.8792303,0.21192443,0.8341940126687492,0.19039574235338846
MG02503,夏,一般,見せる,日中,2,自然,2,0.0,0.8792303,0.21192443,0.8341940126687492,0.19039574235338846
MG07501,通年,プチ~一般,見せない,就寝,1,自然,4,0.0390017814571685,0.36870968,0.44422805,0.27916800579170103,0.29969119081364604
MG07502,夏,一般,見せる,日中,2,自然,2,9.313225746154783e-10,0.8792303,0.21192443,0.8341940126687492,0.19039574235338846
MG07504,通年,グラマー,見せない,日中,2,自然,0,0.0022212972152998,0.23757893,0.0,0.4413592637553294,0.12411382851957975
MG07505,夏,一般,見せる,日中,2,自然,2,0.0,0.8792303,0.21192443,0.8341940126687492,0.19039574235338846
MG122201,通年,一般~グラマー,見せない,日中,3,高さ/自然,1,0.0240650231310196,0.78718007,0.750621,0.6106497101671364,0.5580005219621818
MG124301,通年,プチ~一般,見せない,all,2,自然,4,0.0296108033683737,0.27830017,0.5024618,0.14985488059638707,0.5572858089195544
MG125201,通年,一般,見せない,日中,3,高さ/自然,4,0.0266826885102763,0.6283029,0.6678262,0.5348320955954973,0.6713113682718796
MG125301,通年,一般~グラマー,見せない,日中,3,高さ/自然,1,0.021709834930446,0.72968173,0.84050155,0.6106497101671364,0.5580005219621818
MG523101,通年,一般,見せる,日中,2,自然,2,0.0095819769349114,0.95664907,0.30738056,0.6522977135651558,0.280006668176367
MG525401,通年,一般,見せない,日中,2,自然,0,0.0409561718069471,0.35982323,0.30004036,0.2742780614865078,0.28175501051710206
MG525402,冬,一般,見せない,日中,2,自然,2,0.0017296723431483,0.76687974,0.20669663,0.5645551709410137,0.11584396425555127
MG525403,冬,一般,見せる,日中,2,自然,2,0.0018677202547354,0.8751333,0.0838114,0.9425748230196618,0.11409562191481626
MG525404,冬,一般,見せる,日中,2,自然,2,0.0018677202547354,0.8751333,0.0838114,0.9425748230196618,0.11409562191481626
YH09501,通年,一般~グラマー,見せない,日中,2,自然,0,0.0025362451980708,0.26772684,0.11558342,0.35009567605814673,0.16844416420740416
YH124201,通年,一般~グラマー,見せない,日中,2,自然,0,0.0025362451980706,0.26772684,0.11558342,0.35009567605814673,0.16844416420740416
YH124301,通年,一般~グラマー,見せない,日中,2,自然,0,0.0026447234401046,0.18080968,0.07982123,0.35009567605814673,0.16844416420740416
YH125201,通年,一般~グラマー,見せない,日中,2,自然,0,0.0016276154457309,0.43632686,0.063893795,0.35009567605814673,0.16844416420740416
YH125401,通年,一般~グラマー,見せない,日中,2,自然,0,0.0,0.33760297,0.02692163,0.35009567605814673,0.16844416420740416
YH524101,通年,一般~グラマー,見せない,日中,2,自然,0,0.0028745244893204,0.37271625,0.14914328,0.35009567605814673,0.16844416420740416
YH524301,通年,一般~グラマー,見せない,日中,2,自然,0,0.0028745244893203,0.37271625,0.14914328,0.35009567605814673,0.16844416420740416
YH525101,通年,一般~グラマー,見せない,日中,2,自然,0,0.0,0.33760297,0.02692163,0.35009567605814673,0.16844416420740416
YH525301,通年,一般~グラマー,見せない,日中,2,自然,0,0.0,0.33760297,0.02692163,0.35009567605814673,0.16844416420740416
YH525401,通年,一般~グラマー,見せない,日中,2,自然,0,0.0025362451980709,0.26772684,0.11558342,0.35009567605814673,0.16844416420740416
