品番,店舗展開,写真,名前,cluster,medoid_score,tsne_x,tsne_y,ブランド名,チャネル,上代,年度,会期月,シーズン,ステップ,ワイヤー,タイプ,シーン1,シーン2,補整力,シルエット,Shop_初速3か月（月割）,Shop_初速3か月（平均）,EC_初速3か月（月割）,EC_初速3か月（平均）,Shop&EC_初速3か月（月割）,Sho&EC_初速3か月（平均）,top10
BT09501,1.0,BT09501.jpg,パテッドブラ,2,0.0,0.8792303,0.21192443,FIT,店舗・EC,"6,000",2026SS,2026年3月,夏,なし,なし,一般,見せる,日中,2,自然,0.0,0.0,0.0,0.0,0.0,0.0,0
BT09503,1.0,BT09503.jpg,チュールブラキャミ,2,9.313225746154783e-10,0.8792303,0.21192443,FIT,店舗・EC,"7,500",2026SS,2026年3月,夏,なし,なし,一般,見せる,日中,2,自然,0.0,0.0,0.0,0.0,0.0,0.0,0
CA525301,1.0,CA525301.jpg,ﾌﾞﾗﾃﾞﾘｽ ﾚｰｼｨﾌﾞﾗﾄｯﾌﾟ25A1,4,0.032772504,0.52142894,0.83954346,NY,店舗・EC,"7,500",2025AW,2025年7月,通年,0,なし,一般,見せる,日中,3,高さ/自然,585.0,195.0,75.0,37.0,660.0,232.0,0
CA525104,1.0,CA525104.jpg,ﾌﾞﾗﾃﾞﾘｽ ﾚｰｼｨﾌﾞﾗｷｬﾐ25S1,4,0.032772504,0.52142894,0.83954346,NY,店舗・EC,"7,200",2025SS,2025年3月,通年,0,なし,一般,見せる,日中,3,高さ/自然,522.0,174.0,86.0,28.0,608.0,202.0,0
CA526101,1.0,CA526101.jpg,ﾌﾞﾗﾃﾞﾘｽ ﾚｰｼｨﾌﾞﾗｷｬﾐ26S1,2,0.019207563,0.7885666,0.3008151,NY,店舗・EC,"8,000",2026SS,2026年3月,夏,0,なし,一般,見せる,日中,3,高さ/自然,0.0,0.0,0.0,0.0,0.0,0.0,0
CA126106,1.0,CA126106.jpg,ﾌﾞﾗﾃﾞﾘｽ ﾉﾝﾜｲﾔｰﾌﾞﾗ26S1,1,0.006247644,0.88980234,0.791095,NY,店舗・EC,"11,000",2026SS,2026年2月,通年,0,なし,一般,見せない,日中,4,高さ,0.0,0.0,0.0,0.0,0.0,0.0,0
CA126115,1.0,CA126115.jpg,ﾌﾞﾗﾃﾞﾘｽ ﾉﾝﾜｲﾔｰﾌﾞﾗ26S2,1,0.006247644,0.88980234,0.791095,NY,店舗・EC,"11,000",2026SS,2026年4月,通年,0,なし,一般,見せない,日中,4,高さ,0.0,0.0,0.0,0.0,0.0,0.0,0
DB12417,,DB12417.jpg,2026年2月TPﾌﾞﾗ,1,0.040103676,0.695611,0.7348157,PEACE,テレビ・EC,"5,800",通年QVC,2026年2月,通年,0,なし,グラマー,見せない,日中,4,自然,,,,,,,0
DB12420,,DB12420.jpg,2026年5月TPﾌﾞﾗｷｬﾐ,1,0.040103676,0.695611,0.7348157,PEACE,テレビ・EC,"7,400",通年QVC,2026年5月,通年,0,なし,グラマー,見せない,日中,4,自然,,,,,,,0
DB124201,,DB124201.jpg,すらっと細みえﾌﾛﾝﾄﾌｧｽﾅｰﾌﾞﾗ24,3,0.009519282,0.2338959,0.747425,PEACE,テレビ・EC,"5,800",通年QVC,2024年8月,通年,0,なし,一般,見せない,日中,3,自然,,,786.0,262.0,788.0,264.0,0
DB124202,,DB124202.jpg,すらっと細みえｽﾑｰｽﾞｶｯﾌﾟﾌﾛﾝﾄﾌｧｽﾅｰﾌﾞﾗ24,3,0.009519282,0.2338959,0.747425,PEACE,テレビ・EC,"5,800",通年QVC,2024年8月,通年,0,なし,一般,見せない,日中,3,自然,,,176.0,58.0,0.0,0.0,0
DB12422,,DB12422.jpg,2026年4月TSVﾌﾞﾗ,3,0.011074601,0.24934584,0.6377522,PEACE,テレビ・EC,"6,300",通年QVC,2026年4月,通年,0,なし,一般,見せない,日中,3,自然,,,,,,,0
DB12424,,DB12424.jpg,2026年4月TSVﾌﾞﾗｷｬﾐ,3,0.020407715,0.31537807,0.69323516,PEACE,テレビ・EC,"7,400",通年QVC,2026年4月,通年,0,なし,一般,見せない,日中,3,自然,,,,,,,0
DB124302,,DB124302.jpg,やさしくﾊﾞｽﾄｷｬｯﾁ綿混ﾉﾝﾜｲﾔｰﾌﾞﾗ24,4,0.013923148,0.53548974,0.6174743,PEACE,テレビ・EC,"6,300",通年QVC,2024年9月,通年,0,なし,一般,見せない,日中,4,自然,,,594.0,198.0,0.0,0.0,0
DB125101,,DB125101.jpg,ﾋﾞｭｰﾃｨﾌﾙﾚｰｽﾊｰﾄﾌﾙｶｯﾌﾟﾌﾞﾗ25,3,0.006180862,0.094744205,0.6723608,PEACE,テレビ・EC,"6,300",通年QVC,2025年4月,通年,0,なし,プチ~一般,見せない,日中,3,自然,,,1519.0,506.0,1524.0,507.0,1
DB125102,,DB125102.jpg,ｽﾑｰｽﾚｰｽﾊｰﾄﾌﾙｶｯﾌﾟﾌﾞﾗ25,3,0.006180862,0.094744205,0.6723608,PEACE,テレビ・EC,"6,300",通年QVC,2025年4月,通年,0,なし,プチ~一般,見せない,日中,3,自然,,,1188.0,396.0,1201.0,400.0,1
DB125103,,DB125103.jpg,ﾊｰﾄﾌﾙｶｯﾌﾟｶｼｭｸｰﾙﾌﾞﾗﾌﾟﾚｰﾝﾀｲﾌﾟ25,3,0.0,0.17335606,0.67945653,PEACE,テレビ・EC,"6,300",通年QVC,2025年4月,通年,0,なし,プチ~一般,見せない,日中,3,自然,,,1154.0,384.0,0.0,0.0,0
DB125202,,DB125202.jpg,細みえﾌﾛﾝﾄﾌｧｽﾅｰ綿混ﾌﾞﾗ25,3,0.009267951,0.26600397,0.8396435,PEACE,テレビ・EC,"6,300",通年QVC,2025年8月,通年,0,なし,一般,見せない,日中,3,自然,,,60.0,60.0,63.0,63.0,0
DB125203,,DB125203.jpg,細みえｼﾝﾌﾟﾙﾌﾛﾝﾄﾌｧｽﾅｰ綿混ﾌﾞﾗ25,3,0.011074601,0.24934584,0.6377522,PEACE,テレビ・EC,"6,300",通年QVC,2025年8月,通年,0,なし,一般,見せない,日中,3,自然,,,66.0,66.0,70.0,70.0,0
DB125401,,DB125401.jpg,綿混ｽﾄﾚｯﾁﾊｲﾌﾞﾘｯﾄﾞﾊｰﾄｶｯﾌﾟﾌﾞﾗ25,3,0.011705392,0.055315495,0.578282,PEACE,テレビ・EC,"5,800",通年QVC,2025年2月,通年,0,なし,プチ~一般,見せない,日中,3,自然,,,546.0,182.0,0.0,0.0,0
DB524201,,DB524201.jpg,ﾊｯﾋﾟｰﾊﾞｽﾄｱｯﾌﾟﾌﾞﾗｷｬﾐｿｰﾙ24,3,0.01550571,0.16531682,0.5643785,PEACE,テレビ・EC,"6,000",通年QVC,2024年6月,通年,0,なし,プチ~一般,見せない,日中,2,自然,,,456.0,152.0,0.0,0.0,0
DB524203,,DB524203.jpg,綿混楽々ﾊﾞｽﾄｷｰﾌﾟｷｬﾐ24,0,0.002874524,0.37271625,0.14914328,PEACE,テレビ・EC,"5,200",通年QVC,2024年7月,通年,0,なし,一般~グラマー,見せない,日中,2,自然,,,1056.0,352.0,0.0,0.0,0
DB525101,,DB525101.jpg,綿さらﾀｯﾁ!ﾅﾁｭﾗﾙﾌｨｯﾄﾌﾞﾗｷｬﾐ25,4,0.013923148,0.53548974,0.6174743,PEACE,テレビ・EC,"7,300",通年QVC,2025年3月,通年,0,なし,一般,見せない,日中,4,自然,,,674.0,224.0,0.0,0.0,0
DB525102,,DB525102.jpg,ﾋﾞｭｰﾃｨﾌﾙﾚｰｽﾊｰﾄﾌﾙｶｯﾌﾟﾌﾞﾗｷｬﾐ25,3,0.00257893,0.1754927,0.8422976,PEACE,テレビ・EC,"7,400",通年QVC,2025年4月,通年,0,なし,プチ~一般,見せない,日中,3,自然,,,295.0,98.0,303.0,100.0,0
DB525103,,DB525103.jpg,ｽﾑｰｽﾚｰｽﾊｰﾄﾌﾙｶｯﾌﾟﾌﾞﾗｷｬﾐ25,3,0.004590476,0.13567102,0.76182806,PEACE,テレビ・EC,"7,400",通年QVC,2025年4月,通年,0,なし,プチ~一般,見せない,日中,3,自然,,,443.0,147.0,448.0,152.0,0
DB525104,,DB525104.jpg,ｱｸｾﾝﾄﾚｰｽﾊｰﾄﾌﾙｶｯﾌﾟﾌﾞﾗｷｬﾐ,3,0.008929458,0.043407917,0.76284534,PEACE,EC,"5,000",通年QVC,2025年5月,通年,0,なし,プチ~一般,見せない,日中,3,自然,,,67.0,22.0,0.0,0.0,0
DB525202,,DB525202.jpg,ﾊｯﾋﾟｰﾊﾞｽﾄｱｯﾌﾟﾌﾞﾗｷｬﾐｿｰﾙ25,3,0.01550571,0.16531682,0.5643785,PEACE,テレビ・EC,"6,000",通年QVC,2025年6月,通年,0,なし,プチ~一般,見せない,日中,2,自然,,,904.0,301.0,0.0,0.0,0
DB525204,,DB525204.jpg,綿混楽々dailyﾌﾞﾗｷｬﾐ25,0,0.0,0.33760297,0.02692163,PEACE,テレビ・EC,"5,500",通年QVC,2025年7月,通年,0,なし,一般~グラマー,見せない,日中,2,自然,,,1966.0,983.0,0.0,0.0,1
DB525207,,DB525207.jpg,細みえﾌﾛﾝﾄﾌｧｽﾅｰ綿混ﾌﾞﾗｷｬﾐ25,4,0.024317112,0.43164533,0.53106105,PEACE,テレビ・EC,"8,000",通年QVC,2025年8月,通年,0,なし,一般~グラマー,見せない,日中,3,自然,,,22.0,22.0,0.0,0.0,0
DB525301,,DB525301.jpg,ｼｬｲﾆｰﾍﾞﾛｱﾌﾞﾗｷｬﾐ25,2,0.008171625,1.0,0.22981375,PEACE,テレビ・EC,"6,000",通年QVC,2025年10月,通年,0,なし,一般,見せる,日中,2,自然,,,0.0,0.0,0.0,0.0,0
DB525404,,DB525404.jpg,綿混ｽﾄﾚｯﾁﾊｲﾌﾞﾘｯﾄﾞﾊｰﾄｶｯﾌﾟﾌﾞﾗｷｬﾐ25,3,0.009490874,0.087068975,0.8425774,PEACE,テレビ・EC,"7,300",通年QVC,2025年2月,通年,0,なし,プチ~一般,見せない,日中,3,自然,,,224.0,74.0,0.0,0.0,0
DB525406,,DB525406.jpg,綿混ｷｬｯﾁｬｰｶｯﾌﾟﾚｰｽﾌﾞﾗｷｬﾐ25,4,0.013129992,0.45628148,0.62242556,PEACE,テレビ・EC,"6,800",通年QVC,2025年12月,通年,0,なし,一般~グラマー,見せない,日中,4,自然,,,0.0,0.0,0.0,0.0,0
ME06601,1.0,ME06601.jpg,新オールインワンライト,1,0.008544509,0.9775686,0.8746873,Me,店舗・EC,"5,400",定番,通年,夏,0,なし,一般~グラマー,見せない,all,4,高さ/自然,0.0,0.0,0.0,0.0,0.0,0.0,0
ME08503,1.0,ME08503.jpg,シルク混ナイトブラ,4,0.039832516,0.47270977,0.4498399,Me,店舗・EC,"5,400",定番,通年,通年,0,なし,一般,見せない,就寝,2,自然,0.0,0.0,0.0,0.0,0.0,0.0,0
ME09502,1.0,ME09502.jpg,新オールインワンライトブラキャミ,1,0.008544509,0.9775686,0.8746873,Me,店舗・EC,"6,000",定番,通年,夏,0,なし,一般~グラマー,見せない,all,4,高さ/自然,0.0,0.0,0.0,0.0,0.0,0.0,0
ME118307,,ME118307.jpg,BRADELISHUGME Bralette,4,0.00684549,0.5305296,0.7166961,Me,EC,"4,700",定番,通年,通年,0,なし,プチ~一般,見せない,日中,3,高さ/自然,,,8742.0,2914.0,9219.0,3073.0,1
ME122105,1.0,ME122105.jpg,ﾌﾞﾗﾃﾞﾘｽ ｵｰﾙｲﾝﾜﾝﾌﾞﾗ,1,0.008598044,0.8713982,1.0,Me,店舗・EC,"5,200",定番,通年,通年,0,なし,一般~グラマー,見せない,all,4,高さ,6693.0,2231.0,6059.0,2019.0,12752.0,4250.0,1
ME123102,1.0,ME123102.jpg,ﾌﾞﾗﾃﾞﾘｽ Perfumyﾌﾞﾗ23S1,1,0.004937597,0.9449717,0.7082522,Me,店舗・EC,"5,200",定番,通年,夏,0,なし,一般,見せない,日中,5,高さ,2950.0,983.0,3524.0,1174.0,6474.0,2157.0,1
ME123103,1.0,ME123103.jpg,ﾌﾞﾗﾃﾞﾘｽ ﾚｰｼｨｵｰﾙｲﾝﾜﾝﾌﾞﾗ,1,0.004665481,0.7949991,0.93323725,Me,店舗・EC,"5,400",定番,通年,通年,0,なし,一般~グラマー,見せない,all,4,高さ/自然,1771.0,590.0,1159.0,386.0,2930.0,976.0,0
ME124103,1.0,ME124103.jpg,ﾌﾞﾗﾃﾞﾘｽ ｵｰﾙｲﾝﾜﾝﾗｲﾄﾌﾞﾗ,1,0.00877789,0.9545827,0.97278404,Me,店舗・EC,"5,200",定番,通年,夏,0,なし,一般~グラマー,見せない,all,4,高さ/自然,263.0,87.0,480.0,160.0,743.0,247.0,0
ME124301,1.0,ME124301.jpg,ﾌﾞﾗﾃﾞﾘｽ Perfumyﾚｰｼｨﾌﾞﾗ24A1,1,0.0,0.8829798,0.8925184,Me,店舗・EC,"5,700",2024AW,2024年7月,夏,0,なし,一般~グラマー,見せない,日中,4,高さ/自然,420.0,140.0,75.0,25.0,495.0,165.0,0
ME124302,1.0,ME124302.jpg,ﾌﾞﾗﾃﾞﾘｽ ﾌﾛﾝﾄﾎｯｸﾌﾞﾗ24A1,3,0.012513765,0.0,0.675467,Me,店舗・EC,"5,000",2024AW,2024年9月,通年,0,なし,プチ~一般,見せない,日中,3,自然,447.0,149.0,208.0,69.0,655.0,218.0,0
ME124303,1.0,ME124303.jpg,ﾌﾞﾗﾃﾞﾘｽ WithMeﾌﾞﾗ24A1,4,3.2927225399135965e-10,0.44504082,0.7249236,Me,店舗・EC,"5,500",2024AW,2024年10月,通年,0,なし,プチ~一般,見せない,日中,3,高さ/自然,1194.0,398.0,324.0,108.0,1518.0,506.0,0
ME124304,1.0,ME124304.jpg,ﾌﾞﾗﾃﾞﾘｽ ﾌﾚﾝﾄﾞﾘｰｻﾎﾟｰﾄﾌﾞﾗ,0,0.011502744,0.29957932,0.22062624,Me,店舗・EC,"4,500",定番,通年,通年,0,なし,一般~グラマー,見せない,all,2,自然,3508.0,1169.0,766.0,255.0,4274.0,1424.0,0
ME125101,1.0,ME125101.jpg,ﾌﾞﾗﾃﾞﾘｽ Perfumyﾊﾞｯｸｽﾑｰｽﾞﾌﾞﾗ25S1,1,0.00276631,0.994936,0.780658,Me,店舗・EC,"6,000",2025SS,2025年1月,通年,0,なし,一般~グラマー,見せない,日中,4,高さ,896.0,298.0,359.0,119.0,1255.0,417.0,0
ME125102,1.0,ME125102.jpg,ﾌﾞﾗﾃﾞﾘｽ Plushﾌﾞﾗ25S1,4,0.00688978,0.3826431,0.6573023,Me,店舗・EC,"5,400",2025SS,2025年4月,通年,0,なし,プチ~一般,見せない,日中,3,高さ/自然,808.0,269.0,256.0,85.0,1064.0,354.0,0
ME125301,1.0,ME125301.jpg,ﾌﾞﾗﾃﾞﾘｽ LiftMeUpﾌﾞﾗ,4,0.011748019,0.35600942,0.77540207,Me,店舗・EC,"5,500",定番,通年,夏,0,なし,プチ~一般,見せない,日中,3,高さ/自然,1609.0,536.0,646.0,215.0,2255.0,751.0,0
ME125302,1.0,ME125302.jpg,ﾌﾞﾗﾃﾞﾘｽ Sweet Night Bra,1,0.036224586,0.76591015,0.65371066,Me,店舗・EC,"5,800",2025AW,2025年8月,通年,0,なし,一般,見せない,就寝,3,高さ/自然,1302.0,651.0,257.0,257.0,1559.0,908.0,0
ME125303,1.0,ME125303.jpg,ﾌﾞﾗﾃﾞﾘｽ ﾌﾚﾝﾄﾞﾘｰﾎｰﾙﾄﾞﾌﾞﾗ,0,0.016041894,0.21439719,0.20463115,Me,店舗・EC,"5,000",定番,通年,通年,0,なし,一般~グラマー,見せない,all,2,自然,0.0,0.0,0.0,0.0,0.0,0.0,0
ME126101,1.0,ME126101.jpg,ﾌﾞﾗﾃﾞﾘｽ Dreamy Night Bra,4,0.027709993,0.3302189,0.5633271,Me,店舗・EC,"6,000",2026SS,2026年2月,通年,0,なし,プチ,見せない,就寝,2,自然,0.0,0.0,0.0,0.0,0.0,0.0,0
ME126103,1.0,ME126103.jpg,ﾌﾞﾗﾃﾞﾘｽ Lovely Back Bra26S1,2,0.000624955,0.97378075,0.1321209,Me,店舗・EC,"6,300",2026SS,2026年3月,夏,0,なし,プチ~一般,見せる,日中,2,自然,0.0,0.0,0.0,0.0,0.0,0.0,0
ME126104,1.0,ME126104.jpg,ﾌﾞﾗﾃﾞﾘｽ Lacy Cool Bra26S1,2,0.000624955,0.97378075,0.1321209,Me,店舗・EC,"6,000",2026SS,2026年3月,夏,0,なし,一般~グラマー,見せる,日中,2,自然,0.0,0.0,0.0,0.0,0.0,0.0,0
ME518306,1.0,ME518306.jpg,BRADELISHUGME Bra Camisole,4,0.0,0.44504082,0.7249236,Me,店舗・EC,"5,400",定番,通年,通年,0,なし,プチ~一般,見せない,日中,3,高さ/自然,253.0,84.0,680.0,226.0,933.0,310.0,0
ME522301,1.0,ME522301.jpg,ﾌﾞﾗﾃﾞﾘｽ ｵｰﾙｲﾝﾜﾝﾌﾞﾗｷｬﾐ,1,0.004665481,0.7949991,0.93323725,Me,店舗・EC,"5,800",定番,通年,通年,0,なし,一般~グラマー,見せない,all,4,高さ/自然,1544.0,514.0,1302.0,434.0,2846.0,948.0,1
ME524301,1.0,ME524301.jpg,ﾌﾞﾗﾃﾞﾘｽ Perfumyﾚｰｼｨﾌﾞﾗｷｬﾐ24A1,1,0.0,0.8829798,0.8925184,Me,店舗・EC,"6,300",2024AW,2024年7月,夏,0,なし,一般~グラマー,見せない,日中,4,高さ/自然,356.0,118.0,109.0,36.0,465.0,154.0,0
ME524302,1.0,ME524302.jpg,ﾌﾞﾗﾃﾞﾘｽ Perfumyﾌﾞﾗｷｬﾐ24A1,1,0.016541419,0.8080033,0.8284661,Me,店舗・EC,"6,000",2024AW,2024年9月,通年,0,なし,一般,見せない,日中,4,高さ/自然,692.0,230.0,480.0,160.0,1172.0,390.0,0
ME525101,1.0,ME525101.jpg,ﾌﾞﾗﾃﾞﾘｽ ｺﾝﾌｫｰﾄﾌﾞﾗﾄｯﾌﾟ,2,0.000302461,0.8733947,0.3332137,Me,店舗・EC,"5,600",定番,通年,夏,0,なし,一般,見せる,日中,2,自然,2909.0,969.0,1511.0,503.0,4420.0,1472.0,1
ME525301,1.0,ME525301.jpg,ﾌﾞﾗﾃﾞﾘｽ LiftMeUpﾌﾞﾗｷｬﾐ,4,0.011748019,0.35600942,0.77540207,Me,店舗・EC,"6,000",定番,通年,夏,0,なし,プチ~一般,見せない,日中,3,高さ/自然,539.0,179.0,423.0,141.0,962.0,320.0,0
ME525303,1.0,ME525303.jpg,ﾌﾞﾗﾃﾞﾘｽ Perfumyﾌﾟﾗｽﾌﾞﾗｷｬﾐ25A1,1,0.018857346,0.85102236,0.6963878,Me,店舗・EC,"6,300",2025AW,2025年10月,通年,0,なし,一般,見せない,日中,4,高さ/自然,0.0,0.0,0.0,0.0,0.0,0.0,0
ME525304,1.0,ME525304.jpg,ﾌﾞﾗﾃﾞﾘｽ ﾍﾞﾛｱﾌﾞﾗｷｬﾐ,2,0.00186772,0.8751333,0.0838114,Me,店舗・EC,"6,500",2025AW,2025年9月,冬,0,なし,一般,見せる,日中,2,自然,52.0,52.0,25.0,25.0,77.0,77.0,0
ME525305,1.0,ME525305.jpg,ﾌﾞﾗﾃﾞﾘｽ ﾃﾞｲﾘｰｺﾝﾌｫｰﾄﾌﾞﾗﾄｯﾌﾟ,2,0.000109882,0.78226274,0.11924046,Me,店舗・EC,"5,600",定番,通年,夏,0,なし,一般,見せる,日中,2,自然,261.0,261.0,0.0,0.0,0.0,0.0,0
ME526101,1.0,ME526101.jpg,ﾌﾞﾗﾃﾞﾘｽ Lacy Tube Top,2,0.0,0.8792303,0.21192443,Me,店舗・EC,"6,300",2026SS,2026年3月,夏,0,なし,一般,見せる,日中,2,自然,0.0,0.0,0.0,0.0,0.0,0.0,0
MG02503,,MG02503.jpg,リブブラタンクトップ,2,0.0,0.8792303,0.21192443,MAGIC,EC,"5,400",定番,2026年2月予定,夏,0,なし,一般,見せる,日中,2,自然,,,0.0,0.0,0.0,0.0,0
MG07501,,MG07501.jpg,Newイージーナイト,4,0.039001781,0.36870968,0.44422805,MAGIC,EC,"5,000",定番,2026年3月予定,通年,0,なし,プチ~一般,見せない,就寝,1,自然,,,0.0,0.0,0.0,0.0,0
MG07502,,MG07502.jpg,ひんやりブラキャミ,2,9.313225746154783e-10,0.8792303,0.21192443,MAGIC,EC,"5,400",定番,2026年4月予定,夏,0,なし,一般,見せる,日中,2,自然,,,0.0,0.0,0.0,0.0,0
MG07504,,MG07504.jpg,ミニマイザー,0,0.002221297,0.23757893,0.0,MAGIC,EC,"6,300",定番,2026年3月予定,通年,0,なし,グラマー,見せない,日中,2,自然,,,0.0,0.0,0.0,0.0,0
MG07505,,MG07505.jpg,Aラインブラトップ,2,0.0,0.8792303,0.21192443,MAGIC,EC,"5,600",定番,2026年3月予定,夏,0,なし,一般,見せる,日中,2,自然,,,0.0,0.0,0.0,0.0,0
MG122201,,MG122201.jpg,ｼｰﾑﾚｽﾊｰﾄｶｯﾌﾟﾌﾞﾗ,1,0.024065023,0.78718007,0.750621,MAGIC,EC,"4,800",定番,2022年,通年,0,なし,一般~グラマー,見せない,日中,3,高さ/自然,,,283.0,94.0,0.0,0.0,0
MG124301,,MG124301.jpg,ﾌﾞﾗﾃﾞﾘｽ ﾃﾞｲﾘｰﾅｲﾄﾌﾞﾗ,4,0.029610803,0.27830017,0.5024618,MAGIC,EC,"6,300",定番,2024年9月,通年,0,なし,プチ~一般,見せない,all,2,自然,,,930.0,310.0,961.0,341.0,0
MG125201,,MG125201.jpg,ﾌﾛｰﾗﾙﾌｨｯﾄﾉﾝﾜｲﾔｰﾌﾞﾗ,4,0.026682689,0.6283029,0.6678262,MAGIC,EC,"6,300",2025SS,2025年7月,通年,0,なし,一般,見せない,日中,3,高さ/自然,,,1071.0,357.0,0.0,0.0,0
MG125301,,MG125301.jpg,ﾌﾞﾗﾃﾞﾘｽ ｼｰﾑﾚｽｽｷﾝﾌﾞﾗ,1,0.021709835,0.72968173,0.84050155,MAGIC,EC,"6,800",定番,2025年10月予定,通年,0,なし,一般~グラマー,見せない,日中,3,高さ/自然,,,0.0,0.0,0.0,0.0,0
MG523101,,MG523101.jpg,軽やかﾌｨｰﾙ快適ﾌﾞﾗｷｬﾐ,2,0.009581977,0.95664907,0.30738056,MAGIC,EC,"5,400",定番,2023年7月,通年,0,なし,一般,見せる,日中,2,自然,,,1884.0,628.0,0.0,0.0,1
MG525401,,MG525401.jpg,やわらかブラタンクトップ,0,0.040956172,0.35982323,0.30004036,MAGIC,EC,"5,600",定番,2025年12月予定,通年,0,なし,一般,見せない,日中,2,自然,,,0.0,0.0,0.0,0.0,0
MG525402,,MG525402.jpg,やわらかウォームブラインナー,2,0.001729672,0.76687974,0.20669663,MAGIC,EC,"6,300",定番,2025年12月予定,冬,0,なし,一般,見せない,日中,2,自然,,,0.0,0.0,0.0,0.0,0
MG525403,,MG525403.jpg,ベロアタッチリブブラタンクトップ,2,0.00186772,0.8751333,0.0838114,MAGIC,EC,"5,800",定番,2025年12月予定,冬,0,なし,一般,見せる,日中,2,自然,,,0.0,0.0,0.0,0.0,0
MG525404,,MG525404.jpg,ベロアタッチリブブラワンピース,2,0.00186772,0.8751333,0.0838114,MAGIC,EC,"7,000",定番,2025年12月予定,冬,0,なし,一般,見せる,日中,2,自然,,,0.0,0.0,0.0,0.0,0
YH09501,,YH09501.jpg,2025年5月TPﾌﾞﾗ,0,0.002536245,0.26772684,0.11558342,Yukine. Inc.,テレビ・EC,"4,600",2025SS,2025年5月,通年,なし,なし,一般~グラマー,見せない,日中,2,自然,,,0.0,0.0,0.0,0.0,0
YH124201,,YH124201.jpg,ゆきねえﾓｱｿﾌﾄ快適ﾎｰﾙﾄﾞﾌﾞﾗ24,0,0.002536245,0.26772684,0.11558342,Yukine. Inc.,テレビ・EC,"3,900",2024AW,2024年7月,通年,なし,なし,一般~グラマー,見せない,日中,2,自然,,,219.0,73.0,0.0,0.0,0
YH124301,,YH124301.jpg,ゆきねえ365綿混ﾓｱらく快適ﾌﾙｶｯﾌﾟﾌﾞﾗ24,0,0.002644723,0.18080968,0.07982123,Yukine. Inc.,テレビ・EC,"3,800",2024AW,2024年9月,通年,なし,なし,一般~グラマー,見せない,日中,2,自然,,,290.0,96.0,0.0,0.0,0
YH125201,,YH125201.jpg,ゆきねえとろりｿﾌﾄｼﾙｸ混ﾗｲﾄﾌﾞﾗ25,0,0.001627615,0.43632686,0.063893795,Yukine. Inc.,テレビ・EC,"4,600",2025SS,2025年7月,通年,なし,なし,一般~グラマー,見せない,日中,2,自然,,,441.0,147.0,0.0,0.0,0
YH125401,,YH125401.jpg,ゆきねえとろりｿﾌﾄｼﾙｸ混ﾌﾞﾗ25,0,0.0,0.33760297,0.02692163,Yukine. Inc.,テレビ・EC,"4,600",2025SS,2025年1月,通年,なし,なし,一般~グラマー,見せない,日中,2,自然,,,248.0,82.0,0.0,0.0,0
YH524101,,YH524101.jpg,ゆきねえﾓｱｿﾌﾄ快適ﾊﾞｽﾄﾎｰﾙﾄﾞｼｪｲﾌﾟﾌﾞﾗｷｬﾐ24,0,0.002874524,0.37271625,0.14914328,Yukine. Inc.,テレビ・EC,"5,200",2024AW,2024年5月,通年,なし,なし,一般~グラマー,見せない,日中,2,自然,,,794.0,264.0,804.0,267.0,0
YH524301,,YH524301.jpg,ゆきねえ365綿混ﾓｱらく快適ﾌﾙｶｯﾌﾟﾌﾞﾗｷｬﾐ24,0,0.002874524,0.37271625,0.14914328,Yukine. Inc.,テレビ・EC,"4,600",2024AW,2024年9月,通年,なし,なし,一般~グラマー,見せない,日中,2,自然,,,616.0,205.0,0.0,0.0,0
YH525101,,YH525101.jpg,ゆきねえﾓｱｿﾌﾄ快適ﾌﾙｶｯﾌﾟﾌﾞﾗｷｬﾐ25,0,0.0,0.33760297,0.02692163,Yukine. Inc.,テレビ・EC,"5,200",2025SS,2025年5月,通年,なし,なし,一般~グラマー,見せない,日中,2,自然,,,1523.0,507.0,0.0,0.0,1
YH525301,,YH525301.jpg,ゆきねえ365綿混ﾓｱらく快適ﾌﾙｶｯﾌﾟﾌﾞﾗｷｬﾐ25,0,0.0,0.33760297,0.02692163,Yukine. Inc.,テレビ・EC,"5,200",2025SS,2025年10月,通年,なし,なし,一般~グラマー,見せない,日中,2,自然,,,0.0,0.0,0.0,0.0,0
YH525401,,YH525401.jpg,ゆきねえとろりｿﾌﾄｼﾙｸ混ﾌﾞﾗｷｬﾐ25,0,0.002536245,0.26772684,0.11558342,Yukine. Inc.,テレビ・EC,"5,200",2025SS,2025年1月,通年,なし,なし,一般~グラマー,見せない,日中,2,自然,,,462.0,154.0,0.0,0.0,0
