品番,ブランド名,チャネル,シーズン,ステップ,タイプ,シーン1,シーン2,補整力,シルエット,上代数値,cluster,medoid_score,tsne_x,tsne_y
BT09501,FIT,店舗・EC,夏,なし,一般,見せる,日中,2,自然,6000,8,2.0167168286075663,0.17472577,0.5976758
BT09503,FIT,店舗・EC,夏,なし,一般,見せる,日中,2,自然,7500,8,2.25263140984569,0.1606816,0.6691575
CA525104,NY,店舗・EC,通年,0,一般,見せる,日中,3,高さ/自然,7200,7,0.259126931809417,0.24291241,0.833544
CA525301,NY,店舗・EC,通年,0,一般,見せる,日中,3,高さ/自然,7500,7,0.0,0.22658837,0.8947151
CA126106,NY,店舗・EC,通年,0,一般,見せない,日中,4,高さ,11000,7,3.8212495633232075,0.9817852,0.39192086
CA126115,NY,店舗・EC,通年,0,一般,見せない,日中,4,高さ,11000,7,3.8212495633232075,0.9817852,0.39192086
CA526101,NY,店舗・EC,夏,0,一般,見せる,日中,3,高さ/自然,8000,7,1.4786882012905909,0.17795396,0.84021163
DB124201,PEACE,テレビ・EC,通年,0,一般,見せない,日中,3,自然,5800,5,0.43187821968235574,0.41783613,0.55826414
DB124202,PEACE,テレビ・EC,通年,0,一般,見せない,日中,3,自然,5800,5,0.43187821968235574,0.41783613,0.55826414
DB124302,PEACE,テレビ・EC,通年,0,一般,見せない,日中,4,自然,6300,5,1.209349903887876,0.4426431,0.7775079
DB125401,PEACE,テレビ・EC,通年,0,プチ~一般,見せない,日中,3,自然,5800,0,0.43187821968235574,0.5815879,0.570047
DB125101,PEACE,テレビ・EC,通年,0,プチ~一般,見せない,日中,3,自然,6300,0,0.0,0.5176648,0.61132574
DB125102,PEACE,テレビ・EC,通年,0,プチ~一般,見せない,日中,3,自然,6300,0,0.0,0.5176648,0.61132574
DB125103,PEACE,テレビ・EC,通年,0,プチ~一般,見せない,日中,3,自然,6300,0,0.0,0.5176648,0.61132574
DB125202,PEACE,テレビ・EC,通年,0,一般,見せない,日中,3,自然,6300,5,0.0,0.40962505,0.6612631
DB125203,PEACE,テレビ・EC,通年,0,一般,見せない,日中,3,自然,6300,5,0.0,0.40962505,0.6612631
DB524201,PEACE,テレビ・EC,通年,0,プチ~一般,見せない,日中,2,自然,6000,0,1.236799885520118,0.5113473,0.47556174
DB524203,PEACE,テレビ・EC,通年,0,一般~グラマー,見せない,日中,2,自然,5200,0,2.08932481097408,0.575328,0.31372482
DB525404,PEACE,テレビ・EC,通年,0,プチ~一般,見せない,日中,3,自然,7300,0,0.8637564393647177,0.49814177,0.7189223
DB525101,PEACE,テレビ・EC,通年,0,一般,見せない,日中,4,自然,7300,9,1.4786882012905915,0.40478605,0.8451576
DB525102,PEACE,テレビ・EC,通年,0,プチ~一般,見せない,日中,3,自然,7400,0,0.950132083301188,0.5643195,0.71660316
DB525103,PEACE,テレビ・EC,通年,0,プチ~一般,見せない,日中,3,自然,7400,0,0.950132083301188,0.5643195,0.71660316
DB525202,PEACE,テレビ・EC,通年,0,プチ~一般,見せない,日中,2,自然,6000,0,1.236799885520118,0.5113473,0.47556174
DB525204,PEACE,テレビ・EC,通年,0,一般~グラマー,見せない,日中,2,自然,5500,0,1.9849471805118106,0.53395003,0.3601628
DB525207,PEACE,テレビ・EC,通年,0,一般~グラマー,見せない,日中,3,自然,8000,9,1.5927571876017395,0.4406451,0.9358008
DB525301,PEACE,テレビ・EC,通年,0,一般,見せる,日中,2,自然,6000,5,1.8787426531652964,0.32498884,0.53398454
DB525406,PEACE,テレビ・EC,通年,0,一般~グラマー,見せない,日中,4,自然,6800,9,0.0,0.5189298,0.9299983
DB525104,PEACE,EC,通年,0,プチ~一般,見せない,日中,3,自然,5000,0,1.8057871040793776,0.6238804,0.49433142
DB12417【仮】,PEACE,テレビ・EC,通年,0,グラマー,見せない,日中,4,自然,5800,9,1.657128596863869,0.5731651,0.8504466
DB12422【仮】,PEACE,テレビ・EC,通年,0,一般,見せない,日中,3,自然,6300,5,0.0,0.40962505,0.6612631
DB12424【仮】,PEACE,テレビ・EC,通年,0,一般,見せない,日中,3,自然,7400,5,0.950132083301188,0.36497283,0.75277954
DB12420【仮】,PEACE,テレビ・EC,通年,0,グラマー,見せない,日中,4,自然,7400,9,1.5061829461110776,0.5002202,0.8402002
YH124201,Yukine. Inc.,テレビ・EC,通年,なし,一般~グラマー,見せない,日中,2,自然,3900,3,0.6046295075553031,0.668409,0.0
YH524101,Yukine. Inc.,テレビ・EC,通年,なし,一般~グラマー,見せない,日中,2,自然,5200,3,0.5182538636188306,0.58569264,0.052688837
YH124301,Yukine. Inc.,テレビ・EC,通年,なし,一般~グラマー,見せない,日中,2,自然,3800,3,0.6910051514917741,0.7208566,0.06386578
YH524301,Yukine. Inc.,テレビ・EC,通年,なし,一般~グラマー,見せない,日中,2,自然,4600,3,0.0,0.65263164,0.13270175
YH525401,Yukine. Inc.,テレビ・EC,通年,なし,一般~グラマー,見せない,日中,2,自然,5200,3,0.5182538636188306,0.58569264,0.052688837
YH125401,Yukine. Inc.,テレビ・EC,通年,なし,一般~グラマー,見せない,日中,2,自然,4600,3,0.0,0.65263164,0.13270175
YH525101,Yukine. Inc.,テレビ・EC,通年,なし,一般~グラマー,見せない,日中,2,自然,5200,3,0.5182538636188306,0.58569264,0.052688837
YH125201,Yukine. Inc.,テレビ・EC,通年,なし,一般~グラマー,見せない,日中,2,自然,4600,3,0.0,0.65263164,0.13270175
YH525301,Yukine. Inc.,テレビ・EC,通年,なし,一般~グラマー,見せない,日中,2,自然,5200,3,0.5182538636188306,0.58569264,0.052688837
YH09501,Yukine. Inc.,テレビ・EC,通年,なし,一般~グラマー,見せない,日中,2,自然,4600,3,0.0,0.65263164,0.13270175
ME118307,Me,EC,通年,0,プチ~一般,見せない,日中,3,高さ/自然,4700,1,1.5380431858067471,0.75595737,0.5463456
ME122105,Me,店舗・EC,通年,0,一般~グラマー,見せない,all,4,高さ,5200,4,2.007446887830849,1.0,0.8124772
ME123102,Me,店舗・EC,夏,0,一般,見せない,日中,5,高さ,5200,4,2.7372194280867177,0.76311606,1.0
ME123103,Me,店舗・EC,通年,0,一般~グラマー,見せない,all,4,高さ/自然,5400,4,1.4142135623730951,0.9240679,0.82475126
ME124103,Me,店舗・EC,夏,0,一般~グラマー,見せない,all,4,高さ/自然,5200,4,0.17275128787294866,0.92016315,0.97594714
ME124301,Me,店舗・EC,夏,0,一般~グラマー,見せない,日中,4,高さ/自然,5700,4,1.43775754798539,0.8383749,0.8412612
ME124302,Me,店舗・EC,通年,0,プチ~一般,見せない,日中,3,自然,5000,1,1.4558063160486159,0.68776774,0.60876685
ME124303,Me,店舗・EC,通年,0,プチ~一般,見せない,日中,3,高さ/自然,5500,1,0.08637564393647691,0.800481,0.6289773
ME124304,Me,店舗・EC,通年,0,一般~グラマー,見せない,all,2,自然,4500,6,0.4318782196823578,0.48894656,0.1923629
ME125101,Me,店舗・EC,通年,0,一般~グラマー,見せない,日中,4,高さ,6000,4,2.503714653700746,0.964616,0.73338985
ME125102,Me,店舗・EC,通年,0,プチ~一般,見せない,日中,3,高さ/自然,5400,1,0.0,0.7486353,0.66465133
ME125301,Me,店舗・EC,夏,0,プチ~一般,見せない,日中,3,高さ/自然,5500,1,1.416848881096866,0.7212813,0.77483517
ME125302,Me,店舗・EC,通年,0,一般,見せない,就寝,3,高さ/自然,5800,1,2.0296236177791784,0.87291527,0.58052826
ME125303,Me,店舗・EC,通年,0,一般~グラマー,見せない,all,2,自然,5000,6,0.0,0.4498415,0.15842128
ME518306,Me,店舗・EC,通年,0,プチ~一般,見せない,日中,3,高さ/自然,5400,1,0.0,0.7486353,0.66465133
ME522301,Me,店舗・EC,通年,0,一般~グラマー,見せない,all,4,高さ/自然,5800,4,1.4558063160486152,0.9618423,0.8899535
ME524301,Me,店舗・EC,夏,0,一般~グラマー,見せない,日中,4,高さ/自然,6300,4,1.6137908480037466,0.7954618,0.8934133
ME524302,Me,店舗・EC,通年,0,一般,見せない,日中,4,高さ/自然,6000,1,1.9316092402940777,0.8603884,0.72659236
ME525101,Me,店舗・EC,夏,0,一般,見せる,日中,2,自然,5600,8,0.6046295075553031,0.11681461,0.5119815
ME525301,Me,店舗・EC,夏,0,プチ~一般,見せない,日中,3,高さ/自然,6000,1,1.5061829461110783,0.77499896,0.76769906
ME525303,Me,店舗・EC,通年,0,一般,見せない,日中,4,高さ/自然,6300,1,2.0166427772747135,0.8959746,0.6769952
ME525304,Me,店舗・EC,冬,0,一般,見せる,日中,2,自然,6500,8,1.4247255902319438,0.0,0.5539913
ME525305,Me,店舗・EC,夏,0,一般,見せる,日中,2,自然,5600,8,0.6046295075553031,0.11681461,0.5119815
ME126101,Me,店舗・EC,通年,0,プチ,見せない,就寝,2,自然,6000,6,2.178548871736417,0.42436504,0.32933933
ME126104,Me,店舗・EC,夏,0,一般~グラマー,見せる,日中,2,自然,6000,8,1.43775754798539,0.07395804,0.61867344
ME126103,Me,店舗・EC,夏,0,プチ~一般,見せる,日中,2,自然,6300,8,1.4142135623730938,0.041401505,0.4560601
ME06601,Me,店舗・EC,夏,0,一般~グラマー,見せない,all,4,高さ/自然,5400,4,0.0,0.8879534,0.9044672
ME09502,Me,店舗・EC,夏,0,一般~グラマー,見せない,all,4,高さ/自然,6000,4,0.5182538636188323,0.85305846,0.9701692
ME526101,Me,店舗・EC,夏,0,一般,見せる,日中,2,自然,6300,8,0.0,0.06089604,0.5389688
ME08503,Me,店舗・EC,通年,0,一般,見せない,就寝,2,自然,5400,6,2.029623617779179,0.4240337,0.26262563
MG122201,MAGIC,EC,通年,0,一般~グラマー,見せない,日中,3,高さ/自然,4800,1,2.503714653700746,0.7864593,0.44069612
MG124301,MAGIC,EC,通年,0,プチ~一般,見せない,all,2,自然,6300,2,2.892330693645968,0.32716757,0.1805507
MG125201,MAGIC,EC,通年,0,一般,見せない,日中,3,高さ/自然,6300,1,2.569887332374836,0.719939,0.40025556
MG125301,MAGIC,EC,通年,0,一般~グラマー,見せない,日中,3,高さ/自然,6800,1,2.731722417381801,0.7678711,0.36590493
MG07501,MAGIC,EC,通年,0,プチ~一般,見せない,就寝,1,自然,5000,2,3.1194733942108663,0.28878677,0.11007726
MG07504,MAGIC,EC,通年,0,グラマー,見せない,日中,2,自然,6300,2,2.5230094810377874,0.32142383,0.27464902
MG523101,MAGIC,EC,通年,0,一般,見せる,日中,2,自然,5400,2,1.4247255902319431,0.19301474,0.25883508
MG525401,MAGIC,EC,通年,0,一般,見せない,日中,2,自然,5600,2,2.0,0.26371634,0.25556374
MG525402,MAGIC,EC,冬,0,一般,見せない,日中,2,自然,6300,2,2.08939628634842,0.27297628,0.35891664
MG525403,MAGIC,EC,冬,0,一般,見せる,日中,2,自然,5800,2,1.4247255902319431,0.20439363,0.3549497
MG525404,MAGIC,EC,冬,0,一般,見せる,日中,2,自然,7000,2,1.8607276441291105,0.22461843,0.43469805
MG07502,MAGIC,EC,夏,0,一般,見せる,日中,2,自然,5400,2,0.1727512878729384,0.124518454,0.31462306
MG02503,MAGIC,EC,夏,0,一般,見せる,日中,2,自然,5400,2,0.1727512878729384,0.124518454,0.31462306
MG07505,MAGIC,EC,夏,0,一般,見せる,日中,2,自然,5600,2,0.0,0.14265418,0.3944353
