ブランド名,チャネル,品番,名前,写真,上代,年度,会期月,シーズン,ステップ,ワイヤー,タイプ,シーン,シーン,補整力,シルエット,着用感,商品ランク,売上規模,cluster,medoid_score,tsne_x,tsne_y,Rep,24-Oct,24-Nov,24-Dec,25-Jan,25-Feb,25-Mar,25-Apr,25-May,25-Jun,25-Jul,25-Aug,25-Sep,総計,初速3か月（月割）,初速3か月（平均）
FIT,店舗・EC,BT09501,パテッドブラ,-,"6,000",2026SS,2026年3月,夏,なし,なし,一般,見せる,日中,2,自然,中,B,,8,2.016716829,0.17472577,0.5976758,0,0,0,0,0,0,0,0,0,0,0,0,0,0,0,0
FIT,店舗・EC,BT09503,チュールブラキャミ,-,"7,500",2026SS,2026年3月,夏,なし,なし,一般,見せる,日中,2,自然,中,B,,8,2.25263141,0.1606816,0.6691575,0,0,0,0,0,0,0,0,0,0,0,0,0,0,0,0
NY,店舗・EC,CA525301,ﾌﾞﾗﾃﾞﾘｽ ﾚｰｼｨﾌﾞﾗﾄｯﾌﾟ25A1,-,"7,500",2025AW,2025年7月,通年,0,なし,一般,見せる,日中,3,高さ/自然,中,B,,7,0,0.22658837,0.8947151,1,0,0,0,0,0,0,0,0,0,328,200,57,585,585,195
NY,店舗・EC,CA525104,ﾌﾞﾗﾃﾞﾘｽ ﾚｰｼｨﾌﾞﾗｷｬﾐ25S1,画像,"7,200",2025SS,2025年3月,通年,0,なし,一般,見せる,日中,3,高さ/自然,中,B,,7,0.259126932,0.24291241,0.833544,0,0,0,0,0,0,135,223,164,130,77,28,32,789,522,174
NY,店舗・EC,CA526101,ﾌﾞﾗﾃﾞﾘｽ ﾚｰｼｨﾌﾞﾗｷｬﾐ26S1,-,"8,000",2026SS,2026年3月,夏,0,なし,一般,見せる,日中,3,高さ/自然,中,B,,7,1.478688201,0.17795396,0.84021163,0,0,0,0,0,0,0,0,0,0,0,0,0,0,0,0
NY,店舗・EC,CA126106,ﾌﾞﾗﾃﾞﾘｽ ﾉﾝﾜｲﾔｰﾌﾞﾗ26S1,-,"11,000",2026SS,2026年2月,通年,0,なし,一般,見せない,日中,4,高さ,中,B,,7,3.821249563,0.9817852,0.39192086,0,0,0,0,0,0,0,0,0,0,0,0,0,0,0,0
NY,店舗・EC,CA126115,ﾌﾞﾗﾃﾞﾘｽ ﾉﾝﾜｲﾔｰﾌﾞﾗ26S2,-,"11,000",2026SS,2026年4月,通年,0,なし,一般,見せない,日中,4,高さ,中,B,,7,3.821249563,0.9817852,0.39192086,0,0,0,0,0,0,0,0,0,0,0,0,0,0,0,0
PEACE,テレビ・EC,DB12417【仮】,2026年2月TPﾌﾞﾗ,-,"5,800",通年QVC,2026年2月,通年,0,なし,グラマー,見せない,日中,4,自然,中,B,,9,1.657128597,0.5731651,0.8504466,0,0,0,0,0,0,0,0,0,0,0,0,0,0,0,0
PEACE,テレビ・EC,DB12420【仮】,2026年5月TPﾌﾞﾗｷｬﾐ,-,"7,400",通年QVC,2026年5月,通年,0,なし,グラマー,見せない,日中,4,自然,中,B,,9,1.506182946,0.5002202,0.8402002,0,0,0,0,0,0,0,0,0,0,0,0,0,0,0,0
PEACE,テレビ・EC,DB124201,すらっと細みえﾌﾛﾝﾄﾌｧｽﾅｰﾌﾞﾗ24,画像,"5,800",通年QVC,2024年8月,通年,0,なし,一般,見せない,日中,3,自然,中,C,,5,0.43187822,0.41783613,0.55826414,0,0,0,0,0,0,0,0,2,0,0,0,0,2,2,2
PEACE,テレビ・EC,DB124202,すらっと細みえｽﾑｰｽﾞｶｯﾌﾟﾌﾛﾝﾄﾌｧｽﾅｰﾌﾞﾗ24,画像,"5,800",通年QVC,2024年8月,通年,0,なし,一般,見せない,日中,3,自然,中,C,,5,0.43187822,0.41783613,0.55826414,0,0,0,0,0,0,0,0,0,0,0,0,0,0,0,0
PEACE,テレビ・EC,DB12422【仮】,2026年4月TSVﾌﾞﾗ,-,"6,300",通年QVC,2026年4月,通年,0,なし,一般,見せない,日中,3,自然,中,B,,5,0,0.40962505,0.6612631,1,0,0,0,0,0,0,0,0,0,0,0,0,0,0,0
PEACE,テレビ・EC,DB12424【仮】,2026年4月TSVﾌﾞﾗｷｬﾐ,-,"7,400",通年QVC,2026年4月,通年,0,なし,一般,見せない,日中,3,自然,中,B,,5,0.950132083,0.36497283,0.75277954,0,0,0,0,0,0,0,0,0,0,0,0,0,0,0,0
PEACE,テレビ・EC,DB124302,やさしくﾊﾞｽﾄｷｬｯﾁ綿混ﾉﾝﾜｲﾔｰﾌﾞﾗ24,画像,"6,300",通年QVC,2024年9月,通年,0,なし,一般,見せない,日中,4,自然,中,C,,5,1.209349904,0.4426431,0.7775079,0,0,0,0,0,0,0,0,0,0,0,0,0,0,0,0
PEACE,テレビ・EC,DB125101,ﾋﾞｭｰﾃｨﾌﾙﾚｰｽﾊｰﾄﾌﾙｶｯﾌﾟﾌﾞﾗ25,画像,"6,300",通年QVC,2025年4月,通年,0,なし,プチ~一般,見せない,日中,3,自然,中,C,,0,0,0.5176648,0.61132574,1,0,0,0,0,0,0,0,2,0,3,3,2,10,5,1
PEACE,テレビ・EC,DB125102,ｽﾑｰｽﾚｰｽﾊｰﾄﾌﾙｶｯﾌﾟﾌﾞﾗ25,画像,"6,300",通年QVC,2025年4月,通年,0,なし,プチ~一般,見せない,日中,3,自然,中,C,,0,0,0.5176648,0.61132574,1,0,0,0,0,0,0,0,0,4,7,2,2,15,13,4
PEACE,テレビ・EC,DB125103,ﾊｰﾄﾌﾙｶｯﾌﾟｶｼｭｸｰﾙﾌﾞﾗﾌﾟﾚｰﾝﾀｲﾌﾟ25,画像,"6,300",通年QVC,2025年4月,通年,0,なし,プチ~一般,見せない,日中,3,自然,中,C,,0,0,0.5176648,0.61132574,1,0,0,0,0,0,0,0,0,0,0,0,0,0,0,0
PEACE,テレビ・EC,DB125202,細みえﾌﾛﾝﾄﾌｧｽﾅｰ綿混ﾌﾞﾗ25,-,"6,300",通年QVC,2025年8月,通年,0,なし,一般,見せない,日中,3,自然,中,B,,5,0,0.40962505,0.6612631,1,0,0,0,0,0,0,0,0,0,0,0,3,3,3,3
PEACE,テレビ・EC,DB125203,細みえｼﾝﾌﾟﾙﾌﾛﾝﾄﾌｧｽﾅｰ綿混ﾌﾞﾗ25,-,"6,300",通年QVC,2025年8月,通年,0,なし,一般,見せない,日中,3,自然,中,B,,5,0,0.40962505,0.6612631,1,0,0,0,0,0,0,0,0,0,0,0,4,4,4,4
PEACE,テレビ・EC,DB125401,綿混ｽﾄﾚｯﾁﾊｲﾌﾞﾘｯﾄﾞﾊｰﾄｶｯﾌﾟﾌﾞﾗ25,画像,"5,800",通年QVC,2025年2月,通年,0,なし,プチ~一般,見せない,日中,3,自然,中,C,,0,0.43187822,0.5815879,0.570047,0,0,0,0,0,0,0,0,0,0,0,0,0,0,0,0
PEACE,テレビ・EC,DB524201,ﾊｯﾋﾟｰﾊﾞｽﾄｱｯﾌﾟﾌﾞﾗｷｬﾐｿｰﾙ24,画像,"6,000",通年QVC,2024年6月,通年,0,なし,プチ~一般,見せない,日中,2,自然,弱,C,,0,1.236799886,0.5113473,0.47556174,0,0,0,0,0,0,0,0,0,0,0,0,0,0,0,0
PEACE,テレビ・EC,DB524203,綿混楽々ﾊﾞｽﾄｷｰﾌﾟｷｬﾐ24,画像,"5,200",通年QVC,2024年7月,通年,0,なし,一般~グラマー,見せない,日中,2,自然,弱,C,,0,2.089324811,0.575328,0.31372482,0,0,0,0,0,0,0,0,0,0,0,0,0,0,0,0
PEACE,テレビ・EC,DB525101,綿さらﾀｯﾁ!ﾅﾁｭﾗﾙﾌｨｯﾄﾌﾞﾗｷｬﾐ25,画像,"7,300",通年QVC,2025年3月,通年,0,なし,一般,見せない,日中,4,自然,中,C,,9,1.478688201,0.40478605,0.8451576,0,0,0,0,0,0,0,0,0,0,0,0,0,0,0,0
PEACE,テレビ・EC,DB525102,ﾋﾞｭｰﾃｨﾌﾙﾚｰｽﾊｰﾄﾌﾙｶｯﾌﾟﾌﾞﾗｷｬﾐ25,画像,"7,400",通年QVC,2025年4月,通年,0,なし,プチ~一般,見せない,日中,3,自然,中,C,,0,0.950132083,0.5643195,0.71660316,0,0,0,0,0,0,0,0,4,1,3,1,1,10,8,2
PEACE,テレビ・EC,DB525103,ｽﾑｰｽﾚｰｽﾊｰﾄﾌﾙｶｯﾌﾟﾌﾞﾗｷｬﾐ25,画像,"7,400",通年QVC,2025年4月,通年,0,なし,プチ~一般,見せない,日中,3,自然,中,C,,0,0.950132083,0.5643195,0.71660316,0,0,0,0,0,0,0,0,1,2,2,2,0,7,5,5
PEACE,EC,DB525104,ｱｸｾﾝﾄﾚｰｽﾊｰﾄﾌﾙｶｯﾌﾟﾌﾞﾗｷｬﾐ,-,"5,000",通年QVC,2025年5月,通年,0,なし,プチ~一般,見せない,日中,3,自然,中,C,,0,1.805787104,0.6238804,0.49433142,0,0,0,0,0,0,0,0,0,0,0,0,0,0,0,0
PEACE,テレビ・EC,DB525202,ﾊｯﾋﾟｰﾊﾞｽﾄｱｯﾌﾟﾌﾞﾗｷｬﾐｿｰﾙ25,画像,"6,000",通年QVC,2025年6月,通年,0,なし,プチ~一般,見せない,日中,2,自然,弱,B,,0,1.236799886,0.5113473,0.47556174,0,0,0,0,0,0,0,0,0,0,0,0,0,0,0,0
PEACE,テレビ・EC,DB525204,綿混楽々dailyﾌﾞﾗｷｬﾐ25,画像,"5,500",通年QVC,2025年7月,通年,0,なし,一般~グラマー,見せない,日中,2,自然,弱,B,,0,1.984947181,0.53395003,0.3601628,0,0,0,0,0,0,0,0,0,0,0,0,0,0,0,0
PEACE,テレビ・EC,DB525207,細みえﾌﾛﾝﾄﾌｧｽﾅｰ綿混ﾌﾞﾗｷｬﾐ25,-,"8,000",通年QVC,2025年8月,通年,0,なし,一般~グラマー,見せない,日中,3,自然,中,B,,9,1.592757188,0.4406451,0.9358008,0,0,0,0,0,0,0,0,0,0,0,0,0,0,0,0
PEACE,テレビ・EC,DB525301,ｼｬｲﾆｰﾍﾞﾛｱﾌﾞﾗｷｬﾐ25,-,"6,000",通年QVC,2025年10月,通年,0,なし,一般,見せる,日中,2,自然,弱,B,,5,1.878742653,0.32498884,0.53398454,0,0,0,0,0,0,0,0,0,0,0,0,0,0,0,0
PEACE,テレビ・EC,DB525404,綿混ｽﾄﾚｯﾁﾊｲﾌﾞﾘｯﾄﾞﾊｰﾄｶｯﾌﾟﾌﾞﾗｷｬﾐ25,画像,"7,300",通年QVC,2025年2月,通年,0,なし,プチ~一般,見せない,日中,3,自然,中,C,,0,0.863756439,0.49814177,0.7189223,0,0,0,0,0,0,0,0,0,0,0,0,0,0,0,0
PEACE,テレビ・EC,DB525406,綿混ｷｬｯﾁｬｰｶｯﾌﾟﾚｰｽﾌﾞﾗｷｬﾐ25,-,"6,800",通年QVC,2025年12月,通年,0,なし,一般~グラマー,見せない,日中,4,自然,中,C,,9,0,0.5189298,0.9299983,1,0,0,0,0,0,0,0,0,0,0,0,0,0,0,0
Me,店舗・EC,ME06601,新オールインワンライト,-,"5,400",定番,通年,夏,0,なし,一般~グラマー,見せない,all,4,高さ/自然,中,A,,4,0,0.8879534,0.9044672,0,0,0,0,0,0,0,0,0,0,0,0,0,0,0,0
Me,店舗・EC,ME08503,シルク混ナイトブラ,-,"5,400",定番,通年,通年,0,なし,一般,見せない,就寝,2,自然,弱,A,,6,2.029623618,0.4240337,0.26262563,0,0,0,0,0,0,0,0,0,0,0,0,0,0,0,0
Me,店舗・EC,ME09502,新オールインワンライトブラキャミ,-,"6,000",定番,通年,夏,0,なし,一般~グラマー,見せない,all,4,高さ/自然,中,A,,4,0.518253864,0.85305846,0.9701692,0,0,0,0,0,0,0,0,0,0,0,0,0,0,0,0
Me,EC,ME118307,BRADELISHUGME Bralette,画像,"4,700",定番,通年,通年,0,なし,プチ~一般,見せない,日中,3,高さ/自然,中,A,◎,1,1.538043186,0.75595737,0.5463456,1,169,183,125,174,236,192,165,150,358,311,0,0,2063,477,159
Me,店舗・EC,ME122105,ﾌﾞﾗﾃﾞﾘｽ ｵｰﾙｲﾝﾜﾝﾌﾞﾗ,画像,"5,200",定番,通年,通年,0,なし,一般~グラマー,見せない,all,4,高さ,強,A,◎,4,2.007446888,1,0.8124772,1,"2,229","2,246","2,218","1,930","1,731","2,158","1,733","1,815","1,694","1,883","1,799","1,431",22867,"6,693","2,231"
Me,店舗・EC,ME123102,ﾌﾞﾗﾃﾞﾘｽ Perfumyﾌﾞﾗ23S1,画像,"5,200",定番,通年,夏,0,なし,一般,見せない,日中,5,高さ,強,A,◎,4,2.737219428,0.76311606,1,1,"1,057",945,948,809,729,"1,037",961,"1,193","1,287","1,357","1,140","1,019",12482,"2,950",983
Me,店舗・EC,ME123103,ﾌﾞﾗﾃﾞﾘｽ ﾚｰｼｨｵｰﾙｲﾝﾜﾝﾌﾞﾗ,画像,"5,400",定番,通年,通年,0,なし,一般~グラマー,見せない,all,4,高さ/自然,中,A,〇,4,1.414213562,0.9240679,0.82475126,0,559,591,621,568,492,603,431,474,356,522,689,568,6474,"1,771",590
Me,店舗・EC,ME124103,ﾌﾞﾗﾃﾞﾘｽ ｵｰﾙｲﾝﾜﾝﾗｲﾄﾌﾞﾗ,画像,"5,200",定番,通年,夏,0,なし,一般~グラマー,見せない,all,4,高さ/自然,中,A,〇,4,0.172751288,0.92016315,0.97594714,0,103,79,81,111,96,179,264,342,552,777,633,223,3440,263,87
Me,店舗・EC,ME124301,ﾌﾞﾗﾃﾞﾘｽ Perfumyﾚｰｼｨﾌﾞﾗ24A1,画像,"5,700",2024AW,2024年7月,夏,0,なし,一般~グラマー,見せない,日中,4,高さ/自然,中,C,,4,1.437757548,0.8383749,0.8412612,0,167,127,126,106,92,112,130,125,16,0,0,0,1001,420,140
Me,店舗・EC,ME124302,ﾌﾞﾗﾃﾞﾘｽ ﾌﾛﾝﾄﾎｯｸﾌﾞﾗ24A1,画像,"5,000",2024AW,2024年9月,通年,0,なし,プチ~一般,見せない,日中,3,自然,中,C,,1,1.455806316,0.68776774,0.60876685,0,211,142,94,70,68,93,76,79,127,15,0,0,975,447,149
Me,店舗・EC,ME124303,ﾌﾞﾗﾃﾞﾘｽ WithMeﾌﾞﾗ24A1,画像,"5,500",2024AW,2024年10月,通年,0,なし,プチ~一般,見せない,日中,3,高さ/自然,中,C,,1,0.086375644,0.800481,0.6289773,0,438,385,371,207,123,137,68,58,42,49,0,0,1878,"1,194",398
Me,店舗・EC,ME124304,ﾌﾞﾗﾃﾞﾘｽ ﾌﾚﾝﾄﾞﾘｰｻﾎﾟｰﾄﾌﾞﾗ,画像,"4,500",定番,通年,通年,0,なし,一般~グラマー,見せない,all,2,自然,弱,A,〇,6,0.43187822,0.48894656,0.1923629,0,"1,313","1,179","1,016",861,653,826,687,809,852,843,723,696,10458,"3,508","1,169"
Me,店舗・EC,ME125101,ﾌﾞﾗﾃﾞﾘｽ Perfumyﾊﾞｯｸｽﾑｰｽﾞﾌﾞﾗ25S1,画像,"6,000",2025SS,2025年1月,通年,0,なし,一般~グラマー,見せない,日中,4,高さ,強,B,,4,2.503714654,0.964616,0.73338985,0,0,0,0,143,380,373,256,205,160,18,0,0,1535,896,298
Me,店舗・EC,ME125102,ﾌﾞﾗﾃﾞﾘｽ Plushﾌﾞﾗ25S1,画像,"5,400",2025SS,2025年4月,通年,0,なし,プチ~一般,見せない,日中,3,高さ/自然,中,B,,1,0,0.7486353,0.66465133,0,0,0,0,0,0,0,174,286,348,285,238,170,1501,808,269
Me,店舗・EC,ME125301,ﾌﾞﾗﾃﾞﾘｽ LiftMeUpﾌﾞﾗ,画像,"5,500",定番,通年,夏,0,なし,プチ~一般,見せない,日中,3,高さ/自然,中,A,〇,1,1.416848881,0.7212813,0.77483517,1,0,0,0,0,0,0,0,0,0,492,646,471,1609,"1,609",536
Me,店舗・EC,ME125302,ﾌﾞﾗﾃﾞﾘｽ Sweet Night Bra,画像,"5,800",2025AW,2025年8月,通年,0,なし,一般,見せない,就寝,3,高さ/自然,中,B,,1,2.029623618,0.87291527,0.58052826,0,0,0,0,0,0,0,0,0,0,0,218,"1,084",1302,"1,302",651
Me,店舗・EC,ME125303,ﾌﾞﾗﾃﾞﾘｽ ﾌﾚﾝﾄﾞﾘｰﾎｰﾙﾄﾞﾌﾞﾗ,-,"5,000",定番,通年,通年,0,なし,一般~グラマー,見せない,all,2,自然,弱,A,〇,6,0,0.4498415,0.15842128,1,0,0,0,0,0,0,0,0,0,0,0,0,0,0,0
Me,店舗・EC,ME126101,ﾌﾞﾗﾃﾞﾘｽ Dreamy Night Bra,-,"6,000",2026SS,2026年2月,通年,0,なし,プチ,見せない,就寝,2,自然,弱,B,,6,2.178548872,0.42436504,0.32933933,0,0,0,0,0,0,0,0,0,0,0,0,0,0,0,0
Me,店舗・EC,ME126103,ﾌﾞﾗﾃﾞﾘｽ Lovely Back Bra26S1,-,"6,300",2026SS,2026年3月,夏,0,なし,プチ~一般,見せる,日中,2,自然,中,B,,8,1.414213562,0.041401505,0.4560601,0,0,0,0,0,0,0,0,0,0,0,0,0,0,0,0
Me,店舗・EC,ME126104,ﾌﾞﾗﾃﾞﾘｽ Lacy Cool Bra26S1,-,"6,000",2026SS,2026年3月,夏,0,なし,一般~グラマー,見せる,日中,2,自然,弱,B,,8,1.437757548,0.07395804,0.61867344,0,0,0,0,0,0,0,0,0,0,0,0,0,0,0,0
Me,店舗・EC,ME518306,BRADELISHUGME Bra Camisole,画像,"5,400",定番,通年,通年,0,なし,プチ~一般,見せない,日中,3,高さ/自然,中,A,,1,0,0.7486353,0.66465133,0,92,82,79,89,53,74,133,131,120,121,0,0,974,253,84
Me,店舗・EC,ME522301,ﾌﾞﾗﾃﾞﾘｽ ｵｰﾙｲﾝﾜﾝﾌﾞﾗｷｬﾐ,画像,"5,800",定番,通年,通年,0,なし,一般~グラマー,見せない,all,4,高さ/自然,中,A,,4,1.455806316,0.9618423,0.8899535,0,454,482,608,393,350,375,306,330,373,344,286,330,4631,"1,544",514
Me,店舗・EC,ME524301,ﾌﾞﾗﾃﾞﾘｽ Perfumyﾚｰｼｨﾌﾞﾗｷｬﾐ24A1,画像,"6,300",2024AW,2024年7月,夏,0,なし,一般~グラマー,見せない,日中,4,高さ/自然,中,C,,4,1.613790848,0.7954618,0.8934133,0,139,113,104,70,70,90,191,200,262,194,155,82,1670,356,118
Me,店舗・EC,ME524302,ﾌﾞﾗﾃﾞﾘｽ Perfumyﾌﾞﾗｷｬﾐ24A1,画像,"6,000",2024AW,2024年9月,通年,0,なし,一般,見せない,日中,4,高さ/自然,強,C,,1,1.93160924,0.8603884,0.72659236,0,248,266,178,170,127,233,10,1,22,33,0,0,1288,692,230
Me,店舗・EC,ME525101,ﾌﾞﾗﾃﾞﾘｽ ｺﾝﾌｫｰﾄﾌﾞﾗﾄｯﾌﾟ,画像,"5,600",定番,通年,夏,0,なし,一般,見せる,日中,2,自然,弱,A,◎,8,0.604629508,0.11681461,0.5119815,1,0,0,0,0,0,639,"1,067","1,203",783,484,867,280,5323,"2,909",969
Me,店舗・EC,ME525301,ﾌﾞﾗﾃﾞﾘｽ LiftMeUpﾌﾞﾗｷｬﾐ,画像,"6,000",定番,通年,夏,0,なし,プチ~一般,見せない,日中,3,高さ/自然,中,A,,1,1.506182946,0.77499896,0.76769906,0,0,0,0,0,0,0,0,0,0,224,177,138,539,539,179
Me,店舗・EC,ME525303,ﾌﾞﾗﾃﾞﾘｽ Perfumyﾌﾟﾗｽﾌﾞﾗｷｬﾐ25A1,-,"6,300",2025AW,2025年10月,通年,0,なし,一般,見せない,日中,4,高さ/自然,中,B,,1,2.016642777,0.8959746,0.6769952,0,0,0,0,0,0,0,0,0,0,0,0,0,0,0,0
Me,店舗・EC,ME525304,ﾌﾞﾗﾃﾞﾘｽ ﾍﾞﾛｱﾌﾞﾗｷｬﾐ,-,"6,500",2025AW,2025年9月,冬,0,なし,一般,見せる,日中,2,自然,弱,B,,8,1.42472559,0,0.5539913,0,0,0,0,0,0,0,0,0,0,0,0,52,52,52,52
Me,店舗・EC,ME525305,ﾌﾞﾗﾃﾞﾘｽ ﾃﾞｲﾘｰｺﾝﾌｫｰﾄﾌﾞﾗﾄｯﾌﾟ,-,"5,600",定番,通年,夏,0,なし,一般,見せる,日中,2,自然,弱,A,◎,8,0.604629508,0.11681461,0.5119815,1,0,0,0,0,0,0,0,0,0,0,0,261,261,261,261
Me,店舗・EC,ME526101,ﾌﾞﾗﾃﾞﾘｽ Lacy Tube Top,-,"6,300",2026SS,2026年3月,夏,0,なし,一般,見せる,日中,2,自然,中,B,,8,0,0.06089604,0.5389688,0,0,0,0,0,0,0,0,0,0,0,0,0,0,0,0
MAGIC,EC,MG02503,リブブラタンクトップ,画像,"5,400",定番,2026年2月予定,夏,0,なし,一般,見せる,日中,2,自然,弱,A,,2,0.172751288,0.124518454,0.31462306,0,0,0,0,0,0,0,0,0,0,0,0,0,0,0,0
MAGIC,EC,MG07501,Newイージーナイト,画像,"5,000",定番,2026年3月予定,通年,0,なし,プチ~一般,見せない,就寝,1,自然,弱,A,,2,3.119473394,0.28878677,0.11007726,0,0,0,0,0,0,0,0,0,0,0,0,0,0,0,0
MAGIC,EC,MG07502,ひんやりブラキャミ,[ピーチ・ジョン]【吸水速乾接触冷感ひんやり涼しい汗とりパッド付汗対策夏快適透け防止】クーリッシュキャミソール（ワキ汗パッド付き）,"5,400",定番,2026年4月予定,夏,0,なし,一般,見せる,日中,2,自然,弱,A,,2,0.172751288,0.124518454,0.31462306,0,0,0,0,0,0,0,0,0,0,0,0,0,0,0,0
MAGIC,EC,MG07504,ミニマイザー,画像,"6,300",定番,2026年3月予定,通年,0,なし,グラマー,見せない,日中,2,自然,弱,A,,2,2.523009481,0.32142383,0.27464902,0,0,0,0,0,0,0,0,0,0,0,0,0,0,0,0
MAGIC,EC,MG07505,Aラインブラトップ,カップインAライントップスノースリーブ,"5,600",定番,2026年3月予定,夏,0,なし,一般,見せる,日中,2,自然,弱,A,,2,0,0.14265418,0.3944353,0,0,0,0,0,0,0,0,0,0,0,0,0,0,0,0
MAGIC,EC,MG122201,ｼｰﾑﾚｽﾊｰﾄｶｯﾌﾟﾌﾞﾗ,画像,"4,800",定番,2022年,通年,0,なし,一般~グラマー,見せない,日中,3,高さ/自然,中,A,◎,1,2.503714654,0.7864593,0.44069612,1,0,0,0,0,0,0,0,0,0,0,0,0,0,0,0
MAGIC,EC,MG124301,ﾌﾞﾗﾃﾞﾘｽ ﾃﾞｲﾘｰﾅｲﾄﾌﾞﾗ,画像,"6,300",定番,2024年9月,通年,0,なし,プチ~一般,見せない,all,2,自然,弱,A,〇,2,2.892330694,0.32716757,0.1805507,0,0,0,0,31,0,0,0,0,0,0,0,0,31,31,31
MAGIC,EC,MG125201,ﾌﾛｰﾗﾙﾌｨｯﾄﾉﾝﾜｲﾔｰﾌﾞﾗ,画像,"6,300",2025SS,2025年7月,通年,0,なし,一般,見せない,日中,3,高さ/自然,中,A,,1,2.569887332,0.719939,0.40025556,0,0,0,0,0,0,0,0,0,0,0,0,0,0,0,0
MAGIC,EC,MG125301,ﾌﾞﾗﾃﾞﾘｽ ｼｰﾑﾚｽｽｷﾝﾌﾞﾗ,画像,"6,800",定番,2025年10月予定,通年,0,なし,一般~グラマー,見せない,日中,3,高さ/自然,中,A,,1,2.731722417,0.7678711,0.36590493,0,0,0,0,0,0,0,0,0,0,0,0,0,0,0,0
MAGIC,EC,MG523101,軽やかﾌｨｰﾙ快適ﾌﾞﾗｷｬﾐ,画像,"5,400",定番,2023年7月,通年,0,なし,一般,見せる,日中,2,自然,弱,A,◎,2,1.42472559,0.19301474,0.25883508,1,0,0,0,0,0,0,0,0,0,0,0,0,0,0,0
MAGIC,EC,MG525401,やわらかブラタンクトップ,画像,"5,600",定番,2025年12月予定,通年,0,なし,一般,見せない,日中,2,自然,弱,A,,2,2,0.26371634,0.25556374,0,0,0,0,0,0,0,0,0,0,0,0,0,0,0,0
MAGIC,EC,MG525402,やわらかウォームブラインナー,画像,"6,300",定番,2025年12月予定,冬,0,なし,一般,見せない,日中,2,自然,弱,A,,2,2.089396286,0.27297628,0.35891664,0,0,0,0,0,0,0,0,0,0,0,0,0,0,0,0
MAGIC,EC,MG525403,ベロアタッチリブブラタンクトップ,画像,"5,800",定番,2025年12月予定,冬,0,なし,一般,見せる,日中,2,自然,弱,A,,2,1.42472559,0.20439363,0.3549497,0,0,0,0,0,0,0,0,0,0,0,0,0,0,0,0
MAGIC,EC,MG525404,ベロアタッチリブブラワンピース,画像,"7,000",定番,2025年12月予定,冬,0,なし,一般,見せる,日中,2,自然,弱,A,,2,1.860727644,0.22461843,0.43469805,0,0,0,0,0,0,0,0,0,0,0,0,0,0,0,0
Yukine. Inc.,テレビ・EC,YH09501,2025年5月TPﾌﾞﾗ,-,"4,600",2025SS,2025年5月,通年,なし,なし,一般~グラマー,見せない,日中,2,自然,弱,B,,3,0,0.65263164,0.13270175,0,0,0,0,0,0,0,0,0,0,0,0,0,0,0,0
Yukine. Inc.,テレビ・EC,YH124201,ゆきねえﾓｱｿﾌﾄ快適ﾎｰﾙﾄﾞﾌﾞﾗ24,画像,"3,900",2024AW,2024年7月,通年,なし,なし,一般~グラマー,見せない,日中,2,自然,弱,C,,3,0.604629508,0.668409,0,0,0,0,0,0,0,0,0,0,0,0,0,0,0,0,0
Yukine. Inc.,テレビ・EC,YH124301,ゆきねえ365綿混ﾓｱらく快適ﾌﾙｶｯﾌﾟﾌﾞﾗ24,画像,"3,800",2024AW,2024年9月,通年,なし,なし,一般~グラマー,見せない,日中,2,自然,弱,C,,3,0.691005151,0.7208566,0.06386578,0,0,0,0,0,0,0,0,0,0,0,0,0,0,0,0
Yukine. Inc.,テレビ・EC,YH125201,ゆきねえとろりｿﾌﾄｼﾙｸ混ﾗｲﾄﾌﾞﾗ25,画像,"4,600",2025SS,2025年7月,通年,なし,なし,一般~グラマー,見せない,日中,2,自然,弱,B,,3,0,0.65263164,0.13270175,0,0,0,0,0,0,0,0,0,0,0,0,0,0,0,0
Yukine. Inc.,テレビ・EC,YH125401,ゆきねえとろりｿﾌﾄｼﾙｸ混ﾌﾞﾗ25,画像,"4,600",2025SS,2025年1月,通年,なし,なし,一般~グラマー,見せない,日中,2,自然,弱,B,,3,0,0.65263164,0.13270175,0,0,0,0,0,0,0,0,0,0,0,0,0,0,0,0
Yukine. Inc.,テレビ・EC,YH524101,ゆきねえﾓｱｿﾌﾄ快適ﾊﾞｽﾄﾎｰﾙﾄﾞｼｪｲﾌﾟﾌﾞﾗｷｬﾐ24,画像,"5,200",2024AW,2024年5月,通年,なし,なし,一般~グラマー,見せない,日中,2,自然,弱,C,,3,0.518253864,0.58569264,0.052688837,0,4,5,1,2,0,1,0,0,0,0,0,0,13,10,3
Yukine. Inc.,テレビ・EC,YH524301,ゆきねえ365綿混ﾓｱらく快適ﾌﾙｶｯﾌﾟﾌﾞﾗｷｬﾐ24,画像,"4,600",2024AW,2024年9月,通年,なし,なし,一般~グラマー,見せない,日中,2,自然,弱,C,,3,0,0.65263164,0.13270175,0,0,0,0,0,0,0,0,0,0,0,0,0,0,0,0
Yukine. Inc.,テレビ・EC,YH525101,ゆきねえﾓｱｿﾌﾄ快適ﾌﾙｶｯﾌﾟﾌﾞﾗｷｬﾐ25,画像,"5,200",2025SS,2025年5月,通年,なし,なし,一般~グラマー,見せない,日中,2,自然,弱,B,,3,0.518253864,0.58569264,0.052688837,1,0,0,0,0,0,0,0,0,0,0,0,0,0,0,0
Yukine. Inc.,テレビ・EC,YH525301,ゆきねえ365綿混ﾓｱらく快適ﾌﾙｶｯﾌﾟﾌﾞﾗｷｬﾐ25,-,"5,200",2025SS,2025年10月,通年,なし,なし,一般~グラマー,見せない,日中,2,自然,弱,B,,3,0.518253864,0.58569264,0.052688837,1,0,0,0,0,0,0,0,0,0,0,0,0,0,0,0
Yukine. Inc.,テレビ・EC,YH525401,ゆきねえとろりｿﾌﾄｼﾙｸ混ﾌﾞﾗｷｬﾐ25,画像,"5,200",2025SS,2025年1月,通年,なし,なし,一般~グラマー,見せない,日中,2,自然,弱,B,,3,0.518253864,0.58569264,0.052688837,0,0,0,0,0,0,0,0,0,0,0,0,0,0,0,0