品番,名前,ブランド名,チャネル,上代,年度,会期月,シーズン,ステップ,ワイヤー,タイプ,シーン1,シーン2,補整力,シルエット,着用感,商品ランク,売上規模,cluster,medoid_score,tsne_x,tsne_y,Rep
BT09501,パテッドブラ,FIT,店舗・EC,"6,000",2026SS,2026年3月,夏,なし,なし,一般,見せる,日中,2,自然,中,B,.,8,2.016716829,0.17472577,0.5976758,0
BT09503,チュールブラキャミ,FIT,店舗・EC,"7,500",2026SS,2026年3月,夏,なし,なし,一般,見せる,日中,2,自然,中,B,.,8,2.25263141,0.1606816,0.6691575,0
CA525301,ﾌﾞﾗﾃﾞﾘｽ ﾚｰｼｨﾌﾞﾗﾄｯﾌﾟ25A1,NY,店舗・EC,"7,500",2025AW,2025年7月,通年,0,なし,一般,見せる,日中,3,高さ/自然,中,B,.,7,0,0.22658837,0.8947151,1
CA525104,ﾌﾞﾗﾃﾞﾘｽ ﾚｰｼｨﾌﾞﾗｷｬﾐ25S1,NY,店舗・EC,"7,200",2025SS,2025年3月,通年,0,なし,一般,見せる,日中,3,高さ/自然,中,B,.,7,0.259126932,0.24291241,0.833544,0
CA526101,ﾌﾞﾗﾃﾞﾘｽ ﾚｰｼｨﾌﾞﾗｷｬﾐ26S1,NY,店舗・EC,"8,000",2026SS,2026年3月,夏,0,なし,一般,見せる,日中,3,高さ/自然,中,B,.,7,1.478688201,0.17795396,0.84021163,0
CA126106,ﾌﾞﾗﾃﾞﾘｽ ﾉﾝﾜｲﾔｰﾌﾞﾗ26S1,NY,店舗・EC,"11,000",2026SS,2026年2月,通年,0,なし,一般,見せない,日中,4,高さ,中,B,.,7,3.821249563,0.9817852,0.39192086,0
CA126115,ﾌﾞﾗﾃﾞﾘｽ ﾉﾝﾜｲﾔｰﾌﾞﾗ26S2,NY,店舗・EC,"11,000",2026SS,2026年4月,通年,0,なし,一般,見せない,日中,4,高さ,中,B,.,7,3.821249563,0.9817852,0.39192086,0
DB12417【仮】,2026年2月TPﾌﾞﾗ,PEACE,テレビ・EC,"5,800",通年QVC,2026年2月,通年,0,なし,グラマー,見せない,日中,4,自然,中,B,.,9,1.657128597,0.5731651,0.8504466,0
DB12420【仮】,2026年5月TPﾌﾞﾗｷｬﾐ,PEACE,テレビ・EC,"7,400",通年QVC,2026年5月,通年,0,なし,グラマー,見せない,日中,4,自然,中,B,.,9,1.506182946,0.5002202,0.8402002,0
DB124201,すらっと細みえﾌﾛﾝﾄﾌｧｽﾅｰﾌﾞﾗ24,PEACE,テレビ・EC,"5,800",通年QVC,2024年8月,通年,0,なし,一般,見せない,日中,3,自然,中,C,.,5,0.43187822,0.41783613,0.55826414,0
DB124202,すらっと細みえｽﾑｰｽﾞｶｯﾌﾟﾌﾛﾝﾄﾌｧｽﾅｰﾌﾞﾗ24,PEACE,テレビ・EC,"5,800",通年QVC,2024年8月,通年,0,なし,一般,見せない,日中,3,自然,中,C,.,5,0.43187822,0.41783613,0.55826414,0
DB12422【仮】,2026年4月TSVﾌﾞﾗ,PEACE,テレビ・EC,"6,300",通年QVC,2026年4月,通年,0,なし,一般,見せない,日中,3,自然,中,B,.,5,0,0.40962505,0.6612631,1
DB12424【仮】,2026年4月TSVﾌﾞﾗｷｬﾐ,PEACE,テレビ・EC,"7,400",通年QVC,2026年4月,通年,0,なし,一般,見せない,日中,3,自然,中,B,.,5,0.950132083,0.36497283,0.75277954,0
DB124302,やさしくﾊﾞｽﾄｷｬｯﾁ綿混ﾉﾝﾜｲﾔｰﾌﾞﾗ24,PEACE,テレビ・EC,"6,300",通年QVC,2024年9月,通年,0,なし,一般,見せない,日中,4,自然,中,C,.,5,1.209349904,0.4426431,0.7775079,0
DB125101,ﾋﾞｭｰﾃｨﾌﾙﾚｰｽﾊｰﾄﾌﾙｶｯﾌﾟﾌﾞﾗ25,PEACE,テレビ・EC,"6,300",通年QVC,2025年4月,通年,0,なし,プチ~一般,見せない,日中,3,自然,中,C,.,0,0,0.5176648,0.61132574,1
DB125102,ｽﾑｰｽﾚｰｽﾊｰﾄﾌﾙｶｯﾌﾟﾌﾞﾗ25,PEACE,テレビ・EC,"6,300",通年QVC,2025年4月,通年,0,なし,プチ~一般,見せない,日中,3,自然,中,C,.,0,0,0.5176648,0.61132574,1
DB125103,ﾊｰﾄﾌﾙｶｯﾌﾟｶｼｭｸｰﾙﾌﾞﾗﾌﾟﾚｰﾝﾀｲﾌﾟ25,PEACE,テレビ・EC,"6,300",通年QVC,2025年4月,通年,0,なし,プチ~一般,見せない,日中,3,自然,中,C,.,0,0,0.5176648,0.61132574,1
DB125202,細みえﾌﾛﾝﾄﾌｧｽﾅｰ綿混ﾌﾞﾗ25,PEACE,テレビ・EC,"6,300",通年QVC,2025年8月,通年,0,なし,一般,見せない,日中,3,自然,中,B,.,5,0,0.40962505,0.6612631,1
DB125203,細みえｼﾝﾌﾟﾙﾌﾛﾝﾄﾌｧｽﾅｰ綿混ﾌﾞﾗ25,PEACE,テレビ・EC,"6,300",通年QVC,2025年8月,通年,0,なし,一般,見せない,日中,3,自然,中,B,.,5,0,0.40962505,0.6612631,1
DB125401,綿混ｽﾄﾚｯﾁﾊｲﾌﾞﾘｯﾄﾞﾊｰﾄｶｯﾌﾟﾌﾞﾗ25,PEACE,テレビ・EC,"5,800",通年QVC,2025年2月,通年,0,なし,プチ~一般,見せない,日中,3,自然,中,C,.,0,0.43187822,0.5815879,0.570047,0
DB524201,ﾊｯﾋﾟｰﾊﾞｽﾄｱｯﾌﾟﾌﾞﾗｷｬﾐｿｰﾙ24,PEACE,テレビ・EC,"6,000",通年QVC,2024年6月,通年,0,なし,プチ~一般,見せない,日中,2,自然,弱,C,.,0,1.236799886,0.5113473,0.47556174,0
DB524203,綿混楽々ﾊﾞｽﾄｷｰﾌﾟｷｬﾐ24,PEACE,テレビ・EC,"5,200",通年QVC,2024年7月,通年,0,なし,一般~グラマー,見せない,日中,2,自然,弱,C,.,0,2.089324811,0.575328,0.31372482,0
DB525101,綿さらﾀｯﾁ!ﾅﾁｭﾗﾙﾌｨｯﾄﾌﾞﾗｷｬﾐ25,PEACE,テレビ・EC,"7,300",通年QVC,2025年3月,通年,0,なし,一般,見せない,日中,4,自然,中,C,.,9,1.478688201,0.40478605,0.8451576,0
DB525102,ﾋﾞｭｰﾃｨﾌﾙﾚｰｽﾊｰﾄﾌﾙｶｯﾌﾟﾌﾞﾗｷｬﾐ25,PEACE,テレビ・EC,"7,400",通年QVC,2025年4月,通年,0,なし,プチ~一般,見せない,日中,3,自然,中,C,.,0,0.950132083,0.5643195,0.71660316,0
DB525103,ｽﾑｰｽﾚｰｽﾊｰﾄﾌﾙｶｯﾌﾟﾌﾞﾗｷｬﾐ25,PEACE,テレビ・EC,"7,400",通年QVC,2025年4月,通年,0,なし,プチ~一般,見せない,日中,3,自然,中,C,.,0,0.950132083,0.5643195,0.71660316,0
DB525104,ｱｸｾﾝﾄﾚｰｽﾊｰﾄﾌﾙｶｯﾌﾟﾌﾞﾗｷｬﾐ,PEACE,EC,"5,000",通年QVC,2025年5月,通年,0,なし,プチ~一般,見せない,日中,3,自然,中,C,.,0,1.805787104,0.6238804,0.49433142,0
DB525202,ﾊｯﾋﾟｰﾊﾞｽﾄｱｯﾌﾟﾌﾞﾗｷｬﾐｿｰﾙ25,PEACE,テレビ・EC,"6,000",通年QVC,2025年6月,通年,0,なし,プチ~一般,見せない,日中,2,自然,弱,B,.,0,1.236799886,0.5113473,0.47556174,0
DB525204,綿混楽々dailyﾌﾞﾗｷｬﾐ25,PEACE,テレビ・EC,"5,500",通年QVC,2025年7月,通年,0,なし,一般~グラマー,見せない,日中,2,自然,弱,B,.,0,1.984947181,0.53395003,0.3601628,0
DB525207,細みえﾌﾛﾝﾄﾌｧｽﾅｰ綿混ﾌﾞﾗｷｬﾐ25,PEACE,テレビ・EC,"8,000",通年QVC,2025年8月,通年,0,なし,一般~グラマー,見せない,日中,3,自然,中,B,.,9,1.592757188,0.4406451,0.9358008,0
DB525301,ｼｬｲﾆｰﾍﾞﾛｱﾌﾞﾗｷｬﾐ25,PEACE,テレビ・EC,"6,000",通年QVC,2025年10月,通年,0,なし,一般,見せる,日中,2,自然,弱,B,.,5,1.878742653,0.32498884,0.53398454,0
DB525404,綿混ｽﾄﾚｯﾁﾊｲﾌﾞﾘｯﾄﾞﾊｰﾄｶｯﾌﾟﾌﾞﾗｷｬﾐ25,PEACE,テレビ・EC,"7,300",通年QVC,2025年2月,通年,0,なし,プチ~一般,見せない,日中,3,自然,中,C,.,0,0.863756439,0.49814177,0.7189223,0
DB525406,綿混ｷｬｯﾁｬｰｶｯﾌﾟﾚｰｽﾌﾞﾗｷｬﾐ25,PEACE,テレビ・EC,"6,800",通年QVC,2025年12月,通年,0,なし,一般~グラマー,見せない,日中,4,自然,中,C,.,9,0,0.5189298,0.9299983,1
ME06601,新オールインワンライト,Me,店舗・EC,"5,400",定番,通年,夏,0,なし,一般~グラマー,見せない,all,4,高さ/自然,中,A,.,4,0,0.8879534,0.9044672,0
ME08503,シルク混ナイトブラ,Me,店舗・EC,"5,400",定番,通年,通年,0,なし,一般,見せない,就寝,2,自然,弱,A,.,6,2.029623618,0.4240337,0.26262563,0
ME09502,新オールインワンライトブラキャミ,Me,店舗・EC,"6,000",定番,通年,夏,0,なし,一般~グラマー,見せない,all,4,高さ/自然,中,A,.,4,0.518253864,0.85305846,0.9701692,0
ME118307,BRADELISHUGME Bralette,Me,EC,"4,700",定番,通年,通年,0,なし,プチ~一般,見せない,日中,3,高さ/自然,中,A,◎,1,1.538043186,0.75595737,0.5463456,1
ME122105,ﾌﾞﾗﾃﾞﾘｽ ｵｰﾙｲﾝﾜﾝﾌﾞﾗ,Me,店舗・EC,"5,200",定番,通年,通年,0,なし,一般~グラマー,見せない,all,4,高さ,強,A,◎,4,2.007446888,1,0.8124772,1
ME123102,ﾌﾞﾗﾃﾞﾘｽ Perfumyﾌﾞﾗ23S1,Me,店舗・EC,"5,200",定番,通年,夏,0,なし,一般,見せない,日中,5,高さ,強,A,◎,4,2.737219428,0.76311606,1,1
ME123103,ﾌﾞﾗﾃﾞﾘｽ ﾚｰｼｨｵｰﾙｲﾝﾜﾝﾌﾞﾗ,Me,店舗・EC,"5,400",定番,通年,通年,0,なし,一般~グラマー,見せない,all,4,高さ/自然,中,A,〇,4,1.414213562,0.9240679,0.82475126,0
ME124103,ﾌﾞﾗﾃﾞﾘｽ ｵｰﾙｲﾝﾜﾝﾗｲﾄﾌﾞﾗ,Me,店舗・EC,"5,200",定番,通年,夏,0,なし,一般~グラマー,見せない,all,4,高さ/自然,中,A,〇,4,0.172751288,0.92016315,0.97594714,0
ME124301,ﾌﾞﾗﾃﾞﾘｽ Perfumyﾚｰｼｨﾌﾞﾗ24A1,Me,店舗・EC,"5,700",2024AW,2024年7月,夏,0,なし,一般~グラマー,見せない,日中,4,高さ/自然,中,C,.,4,1.437757548,0.8383749,0.8412612,0
ME124302,ﾌﾞﾗﾃﾞﾘｽ ﾌﾛﾝﾄﾎｯｸﾌﾞﾗ24A1,Me,店舗・EC,"5,000",2024AW,2024年9月,通年,0,なし,プチ~一般,見せない,日中,3,自然,中,C,.,1,1.455806316,0.68776774,0.60876685,0
ME124303,ﾌﾞﾗﾃﾞﾘｽ WithMeﾌﾞﾗ24A1,Me,店舗・EC,"5,500",2024AW,2024年10月,通年,0,なし,プチ~一般,見せない,日中,3,高さ/自然,中,C,.,1,0.086375644,0.800481,0.6289773,0
ME124304,ﾌﾞﾗﾃﾞﾘｽ ﾌﾚﾝﾄﾞﾘｰｻﾎﾟｰﾄﾌﾞﾗ,Me,店舗・EC,"4,500",定番,通年,通年,0,なし,一般~グラマー,見せない,all,2,自然,弱,A,〇,6,0.43187822,0.48894656,0.1923629,0
ME125101,ﾌﾞﾗﾃﾞﾘｽ Perfumyﾊﾞｯｸｽﾑｰｽﾞﾌﾞﾗ25S1,Me,店舗・EC,"6,000",2025SS,2025年1月,通年,0,なし,一般~グラマー,見せない,日中,4,高さ,強,B,.,4,2.503714654,0.964616,0.73338985,0
ME125102,ﾌﾞﾗﾃﾞﾘｽ Plushﾌﾞﾗ25S1,Me,店舗・EC,"5,400",2025SS,2025年4月,通年,0,なし,プチ~一般,見せない,日中,3,高さ/自然,中,B,.,1,0,0.7486353,0.66465133,0
ME125301,ﾌﾞﾗﾃﾞﾘｽ LiftMeUpﾌﾞﾗ,Me,店舗・EC,"5,500",定番,通年,夏,0,なし,プチ~一般,見せない,日中,3,高さ/自然,中,A,〇,1,1.416848881,0.7212813,0.77483517,1
ME125302,ﾌﾞﾗﾃﾞﾘｽ Sweet Night Bra,Me,店舗・EC,"5,800",2025AW,2025年8月,通年,0,なし,一般,見せない,就寝,3,高さ/自然,中,B,.,1,2.029623618,0.87291527,0.58052826,0
ME125303,ﾌﾞﾗﾃﾞﾘｽ ﾌﾚﾝﾄﾞﾘｰﾎｰﾙﾄﾞﾌﾞﾗ,Me,店舗・EC,"5,000",定番,通年,通年,0,なし,一般~グラマー,見せない,all,2,自然,弱,A,〇,6,0,0.4498415,0.15842128,1
ME126101,ﾌﾞﾗﾃﾞﾘｽ Dreamy Night Bra,Me,店舗・EC,"6,000",2026SS,2026年2月,通年,0,なし,プチ,見せない,就寝,2,自然,弱,B,.,6,2.178548872,0.42436504,0.32933933,0
ME126103,ﾌﾞﾗﾃﾞﾘｽ Lovely Back Bra26S1,Me,店舗・EC,"6,300",2026SS,2026年3月,夏,0,なし,プチ~一般,見せる,日中,2,自然,中,B,.,8,1.414213562,0.041401505,0.4560601,0
ME126104,ﾌﾞﾗﾃﾞﾘｽ Lacy Cool Bra26S1,Me,店舗・EC,"6,000",2026SS,2026年3月,夏,0,なし,一般~グラマー,見せる,日中,2,自然,弱,B,.,8,1.437757548,0.07395804,0.61867344,0
ME518306,BRADELISHUGME Bra Camisole,Me,店舗・EC,"5,400",定番,通年,通年,0,なし,プチ~一般,見せない,日中,3,高さ/自然,中,A,.,1,0,0.7486353,0.66465133,0
ME522301,ﾌﾞﾗﾃﾞﾘｽ ｵｰﾙｲﾝﾜﾝﾌﾞﾗｷｬﾐ,Me,店舗・EC,"5,800",定番,通年,通年,0,なし,一般~グラマー,見せない,all,4,高さ/自然,中,A,.,4,1.455806316,0.9618423,0.8899535,0
ME524301,ﾌﾞﾗﾃﾞﾘｽ Perfumyﾚｰｼｨﾌﾞﾗｷｬﾐ24A1,Me,店舗・EC,"6,300",2024AW,2024年7月,夏,0,なし,一般~グラマー,見せない,日中,4,高さ/自然,中,C,.,4,1.613790848,0.7954618,0.8934133,0
ME524302,ﾌﾞﾗﾃﾞﾘｽ Perfumyﾌﾞﾗｷｬﾐ24A1,Me,店舗・EC,"6,000",2024AW,2024年9月,通年,0,なし,一般,見せない,日中,4,高さ/自然,強,C,.,1,1.93160924,0.8603884,0.72659236,0
ME525101,ﾌﾞﾗﾃﾞﾘｽ ｺﾝﾌｫｰﾄﾌﾞﾗﾄｯﾌﾟ,Me,店舗・EC,"5,600",定番,通年,夏,0,なし,一般,見せる,日中,2,自然,弱,A,◎,8,0.604629508,0.11681461,0.5119815,1
ME525301,ﾌﾞﾗﾃﾞﾘｽ LiftMeUpﾌﾞﾗｷｬﾐ,Me,店舗・EC,"6,000",定番,通年,夏,0,なし,プチ~一般,見せない,日中,3,高さ/自然,中,A,.,1,1.506182946,0.77499896,0.76769906,0
ME525303,ﾌﾞﾗﾃﾞﾘｽ Perfumyﾌﾟﾗｽﾌﾞﾗｷｬﾐ25A1,Me,店舗・EC,"6,300",2025AW,2025年10月,通年,0,なし,一般,見せない,日中,4,高さ/自然,中,B,.,1,2.016642777,0.8959746,0.6769952,0
ME525304,ﾌﾞﾗﾃﾞﾘｽ ﾍﾞﾛｱﾌﾞﾗｷｬﾐ,Me,店舗・EC,"6,500",2025AW,2025年9月,冬,0,なし,一般,見せる,日中,2,自然,弱,B,.,8,1.42472559,0,0.5539913,0
ME525305,ﾌﾞﾗﾃﾞﾘｽ ﾃﾞｲﾘｰｺﾝﾌｫｰﾄﾌﾞﾗﾄｯﾌﾟ,Me,店舗・EC,"5,600",定番,通年,夏,0,なし,一般,見せる,日中,2,自然,弱,A,◎,8,0.604629508,0.11681461,0.5119815,1
ME526101,ﾌﾞﾗﾃﾞﾘｽ Lacy Tube Top,Me,店舗・EC,"6,300",2026SS,2026年3月,夏,0,なし,一般,見せる,日中,2,自然,中,B,.,8,0,0.06089604,0.5389688,0
MG02503,リブブラタンクトップ,MAGIC,EC,"5,400",定番,2026年2月予定,夏,0,なし,一般,見せる,日中,2,自然,弱,A,.,2,0.172751288,0.124518454,0.31462306,0
MG07501,Newイージーナイト,MAGIC,EC,"5,000",定番,2026年3月予定,通年,0,なし,プチ~一般,見せない,就寝,1,自然,弱,A,.,2,3.119473394,0.28878677,0.11007726,0
MG07502,ひんやりブラキャミ,MAGIC,EC,"5,400",定番,2026年4月予定,夏,0,なし,一般,見せる,日中,2,自然,弱,A,.,2,0.172751288,0.124518454,0.31462306,0
MG07504,ミニマイザー,MAGIC,EC,"6,300",定番,2026年3月予定,通年,0,なし,グラマー,見せない,日中,2,自然,弱,A,.,2,2.523009481,0.32142383,0.27464902,0
MG07505,Aラインブラトップ,MAGIC,EC,"5,600",定番,2026年3月予定,夏,0,なし,一般,見せる,日中,2,自然,弱,A,.,2,0,0.14265418,0.3944353,0
MG122201,ｼｰﾑﾚｽﾊｰﾄｶｯﾌﾟﾌﾞﾗ,MAGIC,EC,"4,800",定番,2022年,通年,0,なし,一般~グラマー,見せない,日中,3,高さ/自然,中,A,◎,1,2.503714654,0.7864593,0.44069612,1
MG124301,ﾌﾞﾗﾃﾞﾘｽ ﾃﾞｲﾘｰﾅｲﾄﾌﾞﾗ,MAGIC,EC,"6,300",定番,2024年9月,通年,0,なし,プチ~一般,見せない,all,2,自然,弱,A,〇,2,2.892330694,0.32716757,0.1805507,0
MG125201,ﾌﾛｰﾗﾙﾌｨｯﾄﾉﾝﾜｲﾔｰﾌﾞﾗ,MAGIC,EC,"6,300",2025SS,2025年7月,通年,0,なし,一般,見せない,日中,3,高さ/自然,中,A,.,1,2.569887332,0.719939,0.40025556,0
MG125301,ﾌﾞﾗﾃﾞﾘｽ ｼｰﾑﾚｽｽｷﾝﾌﾞﾗ,MAGIC,EC,"6,800",定番,2025年10月予定,通年,0,なし,一般~グラマー,見せない,日中,3,高さ/自然,中,A,.,1,2.731722417,0.7678711,0.36590493,0
MG523101,軽やかﾌｨｰﾙ快適ﾌﾞﾗｷｬﾐ,MAGIC,EC,"5,400",定番,2023年7月,通年,0,なし,一般,見せる,日中,2,自然,弱,A,◎,2,1.42472559,0.19301474,0.25883508,1
MG525401,やわらかブラタンクトップ,MAGIC,EC,"5,600",定番,2025年12月予定,通年,0,なし,一般,見せない,日中,2,自然,弱,A,.,2,2,0.26371634,0.25556374,0
MG525402,やわらかウォームブラインナー,MAGIC,EC,"6,300",定番,2025年12月予定,冬,0,なし,一般,見せない,日中,2,自然,弱,A,.,2,2.089396286,0.27297628,0.35891664,0
MG525403,ベロアタッチリブブラタンクトップ,MAGIC,EC,"5,800",定番,2025年12月予定,冬,0,なし,一般,見せる,日中,2,自然,弱,A,.,2,1.42472559,0.20439363,0.3549497,0
MG525404,ベロアタッチリブブラワンピース,MAGIC,EC,"7,000",定番,2025年12月予定,冬,0,なし,一般,見せる,日中,2,自然,弱,A,.,2,1.860727644,0.22461843,0.43469805,0
YH09501,2025年5月TPﾌﾞﾗ,Yukine. Inc.,テレビ・EC,"4,600",2025SS,2025年5月,通年,なし,なし,一般~グラマー,見せない,日中,2,自然,弱,B,.,3,0,0.65263164,0.13270175,0
YH124201,ゆきねえﾓｱｿﾌﾄ快適ﾎｰﾙﾄﾞﾌﾞﾗ24,Yukine. Inc.,テレビ・EC,"3,900",2024AW,2024年7月,通年,なし,なし,一般~グラマー,見せない,日中,2,自然,弱,C,.,3,0.604629508,0.668409,0,0
YH124301,ゆきねえ365綿混ﾓｱらく快適ﾌﾙｶｯﾌﾟﾌﾞﾗ24,Yukine. Inc.,テレビ・EC,"3,800",2024AW,2024年9月,通年,なし,なし,一般~グラマー,見せない,日中,2,自然,弱,C,.,3,0.691005151,0.7208566,0.06386578,0
YH125201,ゆきねえとろりｿﾌﾄｼﾙｸ混ﾗｲﾄﾌﾞﾗ25,Yukine. Inc.,テレビ・EC,"4,600",2025SS,2025年7月,通年,なし,なし,一般~グラマー,見せない,日中,2,自然,弱,B,.,3,0,0.65263164,0.13270175,0
YH125401,ゆきねえとろりｿﾌﾄｼﾙｸ混ﾌﾞﾗ25,Yukine. Inc.,テレビ・EC,"4,600",2025SS,2025年1月,通年,なし,なし,一般~グラマー,見せない,日中,2,自然,弱,B,.,3,0,0.65263164,0.13270175,0
YH524101,ゆきねえﾓｱｿﾌﾄ快適ﾊﾞｽﾄﾎｰﾙﾄﾞｼｪｲﾌﾟﾌﾞﾗｷｬﾐ24,Yukine. Inc.,テレビ・EC,"5,200",2024AW,2024年5月,通年,なし,なし,一般~グラマー,見せない,日中,2,自然,弱,C,.,3,0.518253864,0.58569264,0.052688837,0
YH524301,ゆきねえ365綿混ﾓｱらく快適ﾌﾙｶｯﾌﾟﾌﾞﾗｷｬﾐ24,Yukine. Inc.,テレビ・EC,"4,600",2024AW,2024年9月,通年,なし,なし,一般~グラマー,見せない,日中,2,自然,弱,C,.,3,0,0.65263164,0.13270175,0
YH525101,ゆきねえﾓｱｿﾌﾄ快適ﾌﾙｶｯﾌﾟﾌﾞﾗｷｬﾐ25,Yukine. Inc.,テレビ・EC,"5,200",2025SS,2025年5月,通年,なし,なし,一般~グラマー,見せない,日中,2,自然,弱,B,.,3,0.518253864,0.58569264,0.052688837,1
YH525301,ゆきねえ365綿混ﾓｱらく快適ﾌﾙｶｯﾌﾟﾌﾞﾗｷｬﾐ25,Yukine. Inc.,テレビ・EC,"5,200",2025SS,2025年10月,通年,なし,なし,一般~グラマー,見せない,日中,2,自然,弱,B,.,3,0.518253864,0.58569264,0.052688837,1
YH525401,ゆきねえとろりｿﾌﾄｼﾙｸ混ﾌﾞﾗｷｬﾐ25,Yukine. Inc.,テレビ・EC,"5,200",2025SS,2025年1月,通年,なし,なし,一般~グラマー,見せない,日中,2,自然,弱,B,.,3,0.518253864,0.58569264,0.052688837,0