品番,img_file_Name,名前,存在チェック,ブランド名,チャネル,上代,年度,会期月,シーズン,ステップ,ワイヤー,タイプ,シーン1,シーン2,補整力,シルエット,着用感
CA115101,CA115101.jpg,ジャスミン,×,NY,店舗,"8,900",定番,,通年　,1,あり,一般,見せない,日中,5,自然,強
BT125101,BT125101.jpg,ﾌﾞﾗﾃﾞﾘｽ ｽﾑｰｽﾞﾓｰﾙﾄﾞｶｯﾌﾟﾌﾞﾗ25S1,○,FIT,店舗・EC,"10,000",25SS,2025年3月,夏,なし,あり,一般,見せない,日中,4,自然,中
BT125103,BT125103.jpg,ﾌﾞﾗﾃﾞﾘｽ ﾇｰﾃﾞｨﾓｰﾙﾄﾞｶｯﾌﾟﾌﾞﾗ25S1,○,FIT,店舗・EC,"10,000",25SS,2025年3月,夏,なし,あり,一般,見せない,日中,4,自然,弱
BT09501,BT09501.jpg,パテッドブラ,×,FIT,店舗・EC,"6,000",26SS,2026年3月,夏,なし,なし,一般,見せる,日中,2,自然,中
BT09503,BT09503.jpg,チュールブラキャミ,×,FIT,店舗・EC,"7,500",26SS,2026年3月,夏,なし,なし,一般,見せる,日中,2,自然,中
CA02517,CA02517.jpg,ヌーディモールド26S1ブラ,×,FIT,店舗・EC,"9,000",26SS,2026年3月,夏,なし,あり,一般,見せない,日中,4,自然,弱
BT125102,BT125102.jpg,ﾌﾞﾗﾃﾞﾘｽ ﾓｰﾙﾄﾞｶｯﾌﾟｽﾄﾗｯﾌﾟﾚｽﾌﾞﾗ,○,FIT,店舗・EC,"8,000",定番,通年,夏,なし,あり,一般,見せない,日中,4,自然,強
BT07508,BT07508.jpg,ストラップレス改良版,×,FIT,店舗・EC,"8,000",定番,通年,夏,なし,あり,一般,見せない,日中,4,自然,強
BT126101,BT126101.jpg,ﾌﾞﾗﾃﾞﾘｽ ﾓｰﾙﾄﾞﾌｨｯﾄﾌﾞﾗ,×,FIT,店舗・EC,"8,200",定番,通年,夏,なし,あり,プチ~一般,見せない,日中,4,高さ/自然,強
CA118103,CA118103.jpg,ﾌﾞﾗﾃﾞﾘｽ ﾓｰﾘｰﾌﾞﾗ,○,FIT,店舗・EC,"7,900",定番,通年,夏,なし,あり,プチ~一般,見せない,日中,4,高さ/自然,強
CA122315,CA122315.jpg,ﾌﾞﾗﾃﾞﾘｽ ｼｰﾑﾚｽｶｯﾌﾟﾓｰﾙﾄﾞﾌﾞﾗ,○,FIT,店舗・EC,"7,900",定番,通年,夏,なし,あり,一般~グラマー,見せない,日中,4,自然,中
CA119310,CA119310.jpg,ﾌﾞﾗﾃﾞﾘｽ ｳﾞｨｵﾗ ﾌﾞﾗ,○,NY,店舗・EC,"9,800",定番,通年,通年,3,あり,一般,見せない,日中,5,高さ,強
CA124301,CA124301.jpg,ﾌﾞﾗﾃﾞﾘｽ ｼﾞｬｽﾐﾝｽﾃｯﾌﾟ1ﾌﾞﾗ24A1,○,NY,店舗・EC,"9,000",24AW,2024年7月,通年,1,あり,一般,見せない,日中,5,自然,強
CA124302,CA124302.jpg,ﾌﾞﾗﾃﾞﾘｽ ﾍﾞﾙｽﾃｯﾌﾟ2ﾌﾞﾗ24A1,○,NY,店舗・EC,"11,000",24AW,2024年7月,通年,2,あり,一般,見せない,日中,5,高さ,強
CA124303,CA124303.jpg,ﾌﾞﾗﾃﾞﾘｽ ﾛｰｽﾞｽﾃｯﾌﾟ2ﾌﾞﾗ24A1,○,NY,店舗・EC,"12,000",24AW,2024年8月,通年,2,あり,一般,見せない,日中,5,高さ/自然,強
CA124304,CA124304.jpg,ﾌﾞﾗﾃﾞﾘｽ ｳｪﾝﾃﾞｨｽﾃｯﾌﾟ1ﾌﾞﾗ24A1,○,NY,店舗・EC,"10,000",24AW,2024年8月,通年,1,あり,一般,見せない,日中,5,自然,中
CA124305,CA124305.jpg,ﾌﾞﾗﾃﾞﾘｽ ﾅｵﾐｽﾃｯﾌﾟ2ﾌﾞﾗ24A1,○,NY,店舗・EC,"11,000",24AW,2024年9月,通年,2,あり,一般,見せない,日中,5,高さ/自然,強
CA124306,CA124306.jpg,ﾌﾞﾗﾃﾞﾘｽ ｴﾘﾝﾌﾞﾗ24A1,○,NY,店舗・EC,"11,000",24AW,2024年9月,通年,なし,あり,グラマー,見せない,日中,5,高さ/自然,強
CA124307,CA124307.jpg,ﾌﾞﾗﾃﾞﾘｽ ｳﾞｨｵﾗｽﾃｯﾌﾟ3ﾌﾞﾗ24A1,○,NY,店舗・EC,"12,000",24AW,2024年9月,通年,3,あり,一般,見せない,日中,5,高さ,強
CA124308,CA124308.jpg,ﾌﾞﾗﾃﾞﾘｽ ｼﾞｬｽﾐﾝｽﾃｯﾌﾟ1ﾌﾞﾗ24A2,○,NY,店舗・EC,"10,000",24AW,2024年10月,通年,1,あり,一般,見せない,日中,5,自然,強
CA124309,CA124309.jpg,ﾌﾞﾗﾃﾞﾘｽ ﾍﾞﾙｽﾃｯﾌﾟ2ﾌﾞﾗ24A2,○,NY,店舗・EC,"12,000",24AW,2024年10月,通年,2,あり,一般,見せない,日中,5,高さ,強
CA124310,CA124310.jpg,ﾌﾞﾗﾃﾞﾘｽ ｳｪﾝﾃﾞｨｽﾃｯﾌﾟ1ﾌﾞﾗ24A2,○,NY,店舗・EC,"11,000",24AW,2024年10月,通年,1,あり,一般,見せない,日中,5,自然,中
CA124311,CA124311.jpg,ﾌﾞﾗﾃﾞﾘｽ ﾅｵﾐｽﾃｯﾌﾟ2ﾌﾞﾗ24A2,○,NY,店舗・EC,"12,000",24AW,2024年11月,通年,2,あり,一般,見せない,日中,5,高さ/自然,強
CA124312,CA124312.jpg,ﾌﾞﾗﾃﾞﾘｽ ｼﾞｬｸﾘｰﾝｽﾃｯﾌﾟ3ﾌﾞﾗ24A1,○,NY,店舗・EC,"15,000",24AW,2024年11月,通年,3,あり,一般,見せない,日中,5,高さ/自然,中
CA124313,CA124313.jpg,ﾌﾞﾗﾃﾞﾘｽ ﾅｵﾐｽﾃｯﾌﾟ2ﾌﾞﾗ24A3,○,NY,店舗・EC,"9,500",24AW,2025年1月,通年,2,あり,一般,見せない,日中,5,高さ/自然,強
CA125101,CA125101.jpg,ﾌﾞﾗﾃﾞﾘｽ ﾍﾞﾙｽﾃｯﾌﾟ2ﾌﾞﾗ25S1,○,NY,店舗・EC,"11,000",25SS,2025年1月,通年,2,あり,一般,見せない,日中,5,高さ,強
CA125102,CA125102.jpg,ﾌﾞﾗﾃﾞﾘｽ ｼﾞｬｽﾐﾝｽﾃｯﾌﾟ1ﾌﾞﾗ25S1,○,NY,店舗・EC,"9,000",25SS,2025年1月,通年,1,あり,一般,見せない,日中,5,自然,強
CA125103,CA125103.jpg,ﾌﾞﾗﾃﾞﾘｽ ﾅｵﾐｽﾃｯﾌﾟ2ﾌﾞﾗ25S1,○,NY,店舗・EC,"11,000",25SS,2025年1月,通年,2,あり,一般,見せない,日中,5,高さ/自然,強
CA125104,CA125104.jpg,ﾌﾞﾗﾃﾞﾘｽ ｳｪﾝﾃﾞｨｽﾃｯﾌﾟ1ﾌﾞﾗ25S1,○,NY,店舗・EC,"10,000",25SS,2025年3月,通年,1,あり,一般,見せない,日中,5,自然,中
CA125106,CA125106.jpg,ﾌﾞﾗﾃﾞﾘｽ ｴﾘﾝﾌﾞﾗ25S1,○,NY,店舗・EC,"11,000",25SS,2025年3月,通年,なし,あり,グラマー,見せない,日中,5,高さ/自然,強
CA125107,CA125107.jpg,ﾌﾞﾗﾃﾞﾘｽ ﾍﾞﾙｽﾃｯﾌﾟ2ﾌﾞﾗ25S2,○,NY,店舗・EC,"13,000",25SS,2025年4月,通年,2,あり,一般,見せない,日中,5,高さ,強
CA125108,CA125108.jpg,ﾌﾞﾗﾃﾞﾘｽ ｳｪﾝﾃﾞｨｿﾌﾄｽﾃｯﾌﾟ1ﾌﾞﾗ25S1,○,NY,店舗・EC,"11,000",25SS,2025年4月,通年,1,あり,一般,見せない,日中,5,自然,弱
CA125109,CA125109.jpg,ﾌﾞﾗﾃﾞﾘｽ ｼﾞｬｸﾘｰﾝｽﾃｯﾌﾟ3ﾌﾞﾗ25S1,○,NY,店舗・EC,"14,000",25SS,2025年4月,通年,3,あり,一般,見せない,日中,5,高さ/自然,中
CA125110,CA125110.jpg,ﾌﾞﾗﾃﾞﾘｽ ﾅｵﾐｽﾃｯﾌﾟ2ﾌﾞﾗ25S2,○,NY,店舗・EC,"12,000",25SS,2025年6月,通年,2,あり,一般,見せない,日中,5,高さ/自然,強
CA125111,CA125111.jpg,ﾌﾞﾗﾃﾞﾘｽ ﾚｰｼｨﾐﾆﾏｲｻﾞｰﾌﾞﾗ25S1,○,NY,店舗・EC,"12,000",25SS,2025年6月,通年,なし,あり,グラマー,見せない,日中,4,自然,弱
CA125112,CA125112.jpg,ﾌﾞﾗﾃﾞﾘｽ ﾅｵﾐｽﾃｯﾌﾟ2ﾌﾞﾗ25S3,○,NY,店舗・EC,"9,500",25SS,2025年6月,通年,2,あり,一般,見せない,日中,5,高さ/自然,強
CA125113,CA125113.jpg,ﾌﾞﾗﾃﾞﾘｽ ﾅｵﾐｽﾃｯﾌﾟ2ﾌﾞﾗ25S4,○,NY,店舗・EC,"9,500",25SS,2025年5月,通年,2,あり,一般,見せない,日中,5,高さ/自然,強
CA525104,CA525104.jpg,ﾌﾞﾗﾃﾞﾘｽ ﾚｰｼｨﾌﾞﾗｷｬﾐ25S1,○,NY,店舗・EC,"7,200",25SS,2025年3月,通年,0,なし,一般,見せる,日中,3,高さ/自然,中
CA125301,CA125301.jpg,ﾌﾞﾗﾃﾞﾘｽ ｼﾞｬｽﾐﾝｽﾃｯﾌﾟ1ﾌﾞﾗ25A1,○,NY,店舗・EC,"9,000",25AW,2025年7月,通年,1,あり,一般,見せない,日中,5,自然,強
CA125302,CA125302.jpg,ﾌﾞﾗﾃﾞﾘｽ ﾍﾞﾙｽﾃｯﾌﾟ2ﾌﾞﾗ25A1,○,NY,店舗・EC,"12,000",25AW,2025年7月,通年,2,あり,一般,見せない,日中,5,高さ,強
CA125303,CA125303.jpg,ﾌﾞﾗﾃﾞﾘｽ ｳﾞｨｵﾗｽﾃｯﾌﾟ3ﾌﾞﾗ25A1,○,NY,店舗・EC,"14,000",25AW,2025年8月,通年,3,あり,一般,見せない,日中,5,高さ,強
CA125304,CA125304.jpg,ﾌﾞﾗﾃﾞﾘｽ ﾛｰｽﾞｽﾃｯﾌﾟ2ﾌﾞﾗ25A1,○,NY,店舗・EC,"12,000",25AW,2025年8月,通年,2,あり,一般,見せない,日中,5,高さ/自然,強
CA125305,CA125305.jpg,ﾌﾞﾗﾃﾞﾘｽ ｳｪﾝﾃﾞｨﾊﾞｯｸｽﾑｰｽﾞｽﾃｯﾌﾟ1ﾌﾞﾗ25A1,○,NY,店舗・EC,"10,000",25AW,2025年9月,通年,1,あり,一般,見せない,日中,5,自然,強
CA125306,CA125306.jpg,ﾌﾞﾗﾃﾞﾘｽ ﾅｵﾐｽﾃｯﾌﾟ2ﾌﾞﾗ25A1,×,NY,店舗・EC,"12,000",25AW,2025年9月,通年,2,あり,一般,見せない,日中,5,高さ/自然,強
CA125307,CA125307.jpg,ﾌﾞﾗﾃﾞﾘｽ ﾚｰｼｨﾐﾆﾏｲｻﾞｰﾌﾞﾗ25A1,×,NY,店舗・EC,"12,000",25AW,2025年9月,通年,なし,あり,グラマー,見せない,日中,4,自然,弱
CA125308,CA125308.jpg,ﾌﾞﾗﾃﾞﾘｽ ｼﾞｬｽﾐﾝｽﾃｯﾌﾟ1ﾌﾞﾗ25A2,×,NY,店舗・EC,"11,000",25AW,2025年9月,通年,1,あり,一般,見せない,日中,5,自然,強
CA125309,CA125309.jpg,ﾌﾞﾗﾃﾞﾘｽ ｴﾘﾝﾌﾞﾗ25A1,×,NY,店舗・EC,"11,000",25AW,2025年10月,通年,なし,あり,グラマー,見せない,日中,5,高さ/自然,強
CA125310,CA125310.jpg,ﾌﾞﾗﾃﾞﾘｽ ﾍﾞﾙｽﾃｯﾌﾟ2ﾌﾞﾗ25A2,×,NY,店舗・EC,"13,000",25AW,2025年10月,通年,2,あり,一般,見せない,日中,5,高さ,強
CA125312,CA125312.jpg,ﾌﾞﾗﾃﾞﾘｽ ｳｪﾝﾃﾞｨｽﾃｯﾌﾟ1ﾌﾞﾗ25A1,×,NY,店舗・EC,"12,000",25AW,2025年10月,通年,1,あり,一般,見せない,日中,5,自然,中
CA125313,CA125313.jpg,ﾌﾞﾗﾃﾞﾘｽ ﾅｵﾐｽﾃｯﾌﾟ2ﾌﾞﾗ25A2,×,NY,店舗・EC,"15,000",25AW,2025年11月,通年,2,あり,一般,見せない,日中,5,高さ/自然,強
CA125314,CA125314.jpg,ﾌﾞﾗﾃﾞﾘｽ ｼﾞｬｸﾘｰﾝｽﾃｯﾌﾟ3ﾌﾞﾗ25A1,×,NY,店舗・EC,"15,000",25AW,2025年11月,通年,3,あり,一般,見せない,日中,5,高さ/自然,中
CA125315,CA125315.jpg,ﾌﾞﾗﾃﾞﾘｽ ｼﾞｬｽﾐﾝｽﾃｯﾌﾟ1ﾌﾞﾗ25A3,×,NY,店舗・EC,"9,200",25AW,2025年1月,通年,1,あり,一般,見せない,日中,5,自然,強
CA125316,CA125316.jpg,ﾌﾞﾗﾃﾞﾘｽ ﾅｵﾐｽﾃｯﾌﾟ2ﾌﾞﾗ25A3,×,NY,店舗・EC,"9,500",25AW,2025年1月,通年,2,あり,一般,見せない,日中,5,高さ/自然,強
CA525301,CA525301.jpg,ﾌﾞﾗﾃﾞﾘｽ ﾚｰｼｨﾌﾞﾗﾄｯﾌﾟ25A1,×,NY,店舗・EC,"7,500",25AW,2025年7月,通年,0,なし,一般,見せる,日中,3,高さ/自然,中
CA126101,CA126101.jpg,ﾌﾞﾗﾃﾞﾘｽ ﾍﾞﾙｽﾃｯﾌﾟ2ﾌﾞﾗ26S1,×,NY,店舗・EC,"12,000",26SS,2026年1月,通年,2,あり,一般,見せない,日中,5,高さ,強
CA126102,CA126102.jpg,ﾌﾞﾗﾃﾞﾘｽ ｼﾞｬｽﾐﾝｽﾃｯﾌﾟ1ﾌﾞﾗ26S1,×,NY,店舗・EC,"11,000",26SS,2026年1月,通年,1,あり,一般,見せない,日中,5,自然,強
CA126103,CA126103.jpg,ﾌﾞﾗﾃﾞﾘｽ ｳｪﾝﾃﾞｨｿﾌﾄｽﾃｯﾌﾟ1ﾌﾞﾗ26S1,×,NY,店舗・EC,"11,000",26SS,2026年2月,通年,1,あり,一般,見せない,日中,5,自然,弱
CA126104,CA126104.jpg,ﾌﾞﾗﾃﾞﾘｽ ﾅｵﾐｽﾃｯﾌﾟ2ﾌﾞﾗ26S1,×,NY,店舗・EC,"12,000",26SS,2026年2月,通年,2,あり,一般,見せない,日中,5,高さ/自然,強
CA126105,CA126105.jpg,ﾌﾞﾗﾃﾞﾘｽ ﾛｰｽﾞｽﾃｯﾌﾟ2ﾌﾞﾗ26S1,×,NY,店舗・EC,"12,000",26SS,2026年2月,通年,2,あり,一般,見せない,日中,5,高さ/自然,強
CA126106,CA126106.jpg,ﾌﾞﾗﾃﾞﾘｽ ﾉﾝﾜｲﾔｰﾌﾞﾗ26S1,×,NY,店舗・EC,"11,000",26SS,2026年2月,通年,0,なし,一般,見せない,日中,4,高さ,中
CA126107,CA126107.jpg,ﾌﾞﾗﾃﾞﾘｽ ｳﾞｨｵﾗｽﾃｯﾌﾟ3ﾌﾞﾗ26S1,×,NY,店舗・EC,"14,000",26SS,2026年3月,通年,3,あり,一般,見せない,日中,5,高さ,強
CA126108,CA126108.jpg,ﾌﾞﾗﾃﾞﾘｽ ｴﾘﾝﾌﾞﾗ26S1,×,NY,店舗・EC,"12,000",26SS,2026年3月,通年,なし,あり,グラマー,見せない,日中,5,高さ/自然,強
CA126109,CA126109.jpg,ﾌﾞﾗﾃﾞﾘｽ ｼﾞｬｽﾐﾝｽﾃｯﾌﾟ1ﾌﾞﾗ26S2,×,NY,店舗・EC,"11,000",26SS,2026年3月,通年,1,あり,一般,見せない,日中,5,自然,強
CA126110,CA126110.jpg,ﾌﾞﾗﾃﾞﾘｽ ﾍﾞﾙｽﾃｯﾌﾟ2ﾌﾞﾗ26S2,×,NY,店舗・EC,"12,000",26SS,2026年4月,通年,2,あり,一般,見せない,日中,5,高さ,強
CA126111,CA126111.jpg,ﾌﾞﾗﾃﾞﾘｽ ｳｪﾝﾃﾞｨｽﾃｯﾌﾟ1ﾌﾞﾗ26S1,×,NY,店舗・EC,"12,000",26SS,2026年4月,通年,1,あり,一般,見せない,日中,5,自然,中
CA126112,CA126112.jpg,ﾌﾞﾗﾃﾞﾘｽ ｼﾞｬｸﾘｰﾝｽﾃｯﾌﾟ3ﾌﾞﾗ26S1,×,NY,店舗・EC,"15,000",26SS,2026年5月,通年,3,あり,一般,見せない,日中,5,高さ/自然,中
CA126113,CA126113.jpg,ﾌﾞﾗﾃﾞﾘｽ ﾅｵﾐｽﾃｯﾌﾟ2ﾌﾞﾗ26S2,×,NY,店舗・EC,"12,000",26SS,2026年6月,通年,2,あり,一般,見せない,日中,5,高さ/自然,強
CA126114,CA126114.jpg,ﾌﾞﾗﾃﾞﾘｽ ﾚｰｼｨﾐﾆﾏｲｻﾞｰﾌﾞﾗ26S1,×,NY,店舗・EC,"12,000",26SS,2026年6月,通年,なし,あり,グラマー,見せない,日中,4,自然,弱
CA126115,CA126115.jpg,ﾌﾞﾗﾃﾞﾘｽ ﾉﾝﾜｲﾔｰﾌﾞﾗ26S2,×,NY,店舗・EC,"11,000",26SS,2026年4月,通年,0,なし,一般,見せない,日中,4,高さ,中
CA526101,CA526101.jpg,ﾌﾞﾗﾃﾞﾘｽ ﾚｰｼｨﾌﾞﾗｷｬﾐ26S1,×,NY,店舗・EC,"8,000",26SS,2026年3月,夏,0,なし,一般,見せる,日中,3,高さ/自然,中
CA02519,CA02519.jpg,STEPモールド26S1ブラ,×,NY,店舗・EC,"10,000",26SS,2026年4月,夏,1,あり,一般,見せない,日中,4,自然,強
DB124201,DB124201.jpg,すらっと細みえﾌﾛﾝﾄﾌｧｽﾅｰﾌﾞﾗ24,○,PEACE,テレビ・EC,"5,800",通年QVC,2024年8月,通年,0,なし,一般,見せない,日中,3,自然,中
DB124202,DB124202.jpg,すらっと細みえｽﾑｰｽﾞｶｯﾌﾟﾌﾛﾝﾄﾌｧｽﾅｰﾌﾞﾗ24,○,PEACE,テレビ・EC,"5,800",通年QVC,2024年8月,通年,0,なし,一般,見せない,日中,3,自然,中
DB124302,DB124302.jpg,やさしくﾊﾞｽﾄｷｬｯﾁ綿混ﾉﾝﾜｲﾔｰﾌﾞﾗ24,○,PEACE,テレビ・EC,"6,300",通年QVC,2024年9月,通年,0,なし,一般,見せない,日中,4,自然,中
DB125401,DB125401.jpg,綿混ｽﾄﾚｯﾁﾊｲﾌﾞﾘｯﾄﾞﾊｰﾄｶｯﾌﾟﾌﾞﾗ25,○,PEACE,テレビ・EC,"5,800",通年QVC,2025年2月,通年,0,なし,プチ~一般,見せない,日中,3,自然,中
DB125101,DB125101.jpg,ﾋﾞｭｰﾃｨﾌﾙﾚｰｽﾊｰﾄﾌﾙｶｯﾌﾟﾌﾞﾗ25,○,PEACE,テレビ・EC,"6,300",通年QVC,2025年4月,通年,0,なし,プチ~一般,見せない,日中,3,自然,中
DB125102,DB125102.jpg,ｽﾑｰｽﾚｰｽﾊｰﾄﾌﾙｶｯﾌﾟﾌﾞﾗ25,○,PEACE,テレビ・EC,"6,300",通年QVC,2025年4月,通年,0,なし,プチ~一般,見せない,日中,3,自然,中
DB125103,DB125103.jpg,ﾊｰﾄﾌﾙｶｯﾌﾟｶｼｭｸｰﾙﾌﾞﾗﾌﾟﾚｰﾝﾀｲﾌﾟ25,○,PEACE,テレビ・EC,"6,300",通年QVC,2025年4月,通年,0,なし,プチ~一般,見せない,日中,3,自然,中
DB125202,DB125202.jpg,細みえﾌﾛﾝﾄﾌｧｽﾅｰ綿混ﾌﾞﾗ25,×,PEACE,テレビ・EC,"6,300",通年QVC,2025年8月,通年,0,なし,一般,見せない,日中,3,自然,中
DB125203,DB125203.jpg,細みえｼﾝﾌﾟﾙﾌﾛﾝﾄﾌｧｽﾅｰ綿混ﾌﾞﾗ25,×,PEACE,テレビ・EC,"6,300",通年QVC,2025年8月,通年,0,なし,一般,見せない,日中,3,自然,中
DB524201,DB524201.jpg,ﾊｯﾋﾟｰﾊﾞｽﾄｱｯﾌﾟﾌﾞﾗｷｬﾐｿｰﾙ24,○,PEACE,テレビ・EC,"6,000",通年QVC,2024年6月,通年,0,なし,プチ~一般,見せない,日中,2,自然,弱
DB524203,DB524203.jpg,綿混楽々ﾊﾞｽﾄｷｰﾌﾟｷｬﾐ24,○,PEACE,テレビ・EC,"5,200",通年QVC,2024年7月,通年,0,なし,一般~グラマー,見せない,日中,2,自然,弱
DB525404,DB525404.jpg,綿混ｽﾄﾚｯﾁﾊｲﾌﾞﾘｯﾄﾞﾊｰﾄｶｯﾌﾟﾌﾞﾗｷｬﾐ25,○,PEACE,テレビ・EC,"7,300",通年QVC,2025年2月,通年,0,なし,プチ~一般,見せない,日中,3,自然,中
DB525101,DB525101.jpg,綿さらﾀｯﾁ!ﾅﾁｭﾗﾙﾌｨｯﾄﾌﾞﾗｷｬﾐ25,○,PEACE,テレビ・EC,"7,300",通年QVC,2025年3月,通年,0,なし,一般,見せない,日中,4,自然,中
DB525102,DB525102.jpg,ﾋﾞｭｰﾃｨﾌﾙﾚｰｽﾊｰﾄﾌﾙｶｯﾌﾟﾌﾞﾗｷｬﾐ25,○,PEACE,テレビ・EC,"7,400",通年QVC,2025年4月,通年,0,なし,プチ~一般,見せない,日中,3,自然,中
DB525103,DB525103.jpg,ｽﾑｰｽﾚｰｽﾊｰﾄﾌﾙｶｯﾌﾟﾌﾞﾗｷｬﾐ25,○,PEACE,テレビ・EC,"7,400",通年QVC,2025年4月,通年,0,なし,プチ~一般,見せない,日中,3,自然,中
DB525202,DB525202.jpg,ﾊｯﾋﾟｰﾊﾞｽﾄｱｯﾌﾟﾌﾞﾗｷｬﾐｿｰﾙ25,○,PEACE,テレビ・EC,"6,000",通年QVC,2025年6月,通年,0,なし,プチ~一般,見せない,日中,2,自然,弱
DB525204,DB525204.jpg,綿混楽々dailyﾌﾞﾗｷｬﾐ25,○,PEACE,テレビ・EC,"5,500",通年QVC,2025年7月,通年,0,なし,一般~グラマー,見せない,日中,2,自然,弱
DB525207,DB525207.jpg,細みえﾌﾛﾝﾄﾌｧｽﾅｰ綿混ﾌﾞﾗｷｬﾐ25,×,PEACE,テレビ・EC,"8,000",通年QVC,2025年8月,通年,0,なし,一般~グラマー,見せない,日中,3,自然,中
DB525301,DB525301.jpg,ｼｬｲﾆｰﾍﾞﾛｱﾌﾞﾗｷｬﾐ25,×,PEACE,テレビ・EC,"6,000",通年QVC,2025年10月,通年,0,なし,一般,見せる,日中,2,自然,弱
DB525406,DB525406.jpg,綿混ｷｬｯﾁｬｰｶｯﾌﾟﾚｰｽﾌﾞﾗｷｬﾐ25,×,PEACE,テレビ・EC,"6,800",通年QVC,2025年12月,通年,0,なし,一般~グラマー,見せない,日中,4,自然,中
DB525104,DB525104.jpg,ｱｸｾﾝﾄﾚｰｽﾊｰﾄﾌﾙｶｯﾌﾟﾌﾞﾗｷｬﾐ,×,PEACE,EC,"5,000",通年QVC,2025年5月,通年,0,なし,プチ~一般,見せない,日中,3,自然,中
DB12417,DB12417.jpg,2026年2月TPﾌﾞﾗ,×,PEACE,テレビ・EC,"5,800",通年QVC,2026年2月,通年,0,なし,グラマー,見せない,日中,4,自然,中
DB12422,DB12422.jpg,2026年4月TSVﾌﾞﾗ,×,PEACE,テレビ・EC,"6,300",通年QVC,2026年4月,通年,0,なし,一般,見せない,日中,3,自然,中
DB12424,DB12424.jpg,2026年4月TSVﾌﾞﾗｷｬﾐ,×,PEACE,テレビ・EC,"7,400",通年QVC,2026年4月,通年,0,なし,一般,見せない,日中,3,自然,中
DB12420,DB12420.jpg,2026年5月TPﾌﾞﾗｷｬﾐ,×,PEACE,テレビ・EC,"7,400",通年QVC,2026年5月,通年,0,なし,グラマー,見せない,日中,4,自然,中
YH124201,YH124201.jpg,ゆきねえﾓｱｿﾌﾄ快適ﾎｰﾙﾄﾞﾌﾞﾗ24,○,Yukine. Inc.,テレビ・EC,"3,900",24AW,2024年7月,通年,なし,なし,一般~グラマー,見せない,日中,2,自然,弱
YH524101,YH524101.jpg,ゆきねえﾓｱｿﾌﾄ快適ﾊﾞｽﾄﾎｰﾙﾄﾞｼｪｲﾌﾟﾌﾞﾗｷｬﾐ24,○,Yukine. Inc.,テレビ・EC,"5,200",24AW,2024年5月,通年,なし,なし,一般~グラマー,見せない,日中,2,自然,弱
YH124301,YH124301.jpg,ゆきねえ365綿混ﾓｱらく快適ﾌﾙｶｯﾌﾟﾌﾞﾗ24,○,Yukine. Inc.,テレビ・EC,"3,800",24AW,2024年9月,通年,なし,なし,一般~グラマー,見せない,日中,2,自然,弱
YH524301,YH524301.jpg,ゆきねえ365綿混ﾓｱらく快適ﾌﾙｶｯﾌﾟﾌﾞﾗｷｬﾐ24,○,Yukine. Inc.,テレビ・EC,"4,600",24AW,2024年9月,通年,なし,なし,一般~グラマー,見せない,日中,2,自然,弱
YH525401,YH525401.jpg,ゆきねえとろりｿﾌﾄｼﾙｸ混ﾌﾞﾗｷｬﾐ25,○,Yukine. Inc.,テレビ・EC,"5,200",25SS,2025年1月,通年,なし,なし,一般~グラマー,見せない,日中,2,自然,弱
YH125401,YH125401.jpg,ゆきねえとろりｿﾌﾄｼﾙｸ混ﾌﾞﾗ25,○,Yukine. Inc.,テレビ・EC,"4,600",25SS,2025年1月,通年,なし,なし,一般~グラマー,見せない,日中,2,自然,弱
YH525101,YH525101.jpg,ゆきねえﾓｱｿﾌﾄ快適ﾌﾙｶｯﾌﾟﾌﾞﾗｷｬﾐ25,○,Yukine. Inc.,テレビ・EC,"5,200",25SS,2025年5月,通年,なし,なし,一般~グラマー,見せない,日中,2,自然,弱
YH125201,YH125201.jpg,ゆきねえとろりｿﾌﾄｼﾙｸ混ﾗｲﾄﾌﾞﾗ25,○,Yukine. Inc.,テレビ・EC,"4,600",25SS,2025年7月,通年,なし,なし,一般~グラマー,見せない,日中,2,自然,弱
YH525301,YH525301.jpg,ゆきねえ365綿混ﾓｱらく快適ﾌﾙｶｯﾌﾟﾌﾞﾗｷｬﾐ25,×,Yukine. Inc.,テレビ・EC,"5,200",25SS,2025年10月,通年,なし,なし,一般~グラマー,見せない,日中,2,自然,弱
YH09501,YH09501.jpg,2025年5月TPﾌﾞﾗ,×,Yukine. Inc.,テレビ・EC,"4,600",25SS,2025年5月,通年,なし,なし,一般~グラマー,見せない,日中,2,自然,弱
ME118307,ME118307.jpg,BRADELISHUGME Bralette,○,Me,EC,"4,700",定番,通年,通年,0,なし,プチ~一般,見せない,日中,3,高さ/自然,中
ME122105,ME122105.jpg,ﾌﾞﾗﾃﾞﾘｽ ｵｰﾙｲﾝﾜﾝﾌﾞﾗ,○,Me,店舗・EC,"5,200",定番,通年,通年,0,なし,一般~グラマー,見せない,all,4,高さ,強
ME123102,ME123102.jpg,ﾌﾞﾗﾃﾞﾘｽ Perfumyﾌﾞﾗ23S1,○,Me,店舗・EC,"5,200",定番,通年,夏,0,なし,一般,見せない,日中,5,高さ,強
ME123103,ME123103.jpg,ﾌﾞﾗﾃﾞﾘｽ ﾚｰｼｨｵｰﾙｲﾝﾜﾝﾌﾞﾗ,○,Me,店舗・EC,"5,400",定番,通年,通年,0,なし,一般~グラマー,見せない,all,4,高さ/自然,中
ME124103,ME124103.jpg,ﾌﾞﾗﾃﾞﾘｽ ｵｰﾙｲﾝﾜﾝﾗｲﾄﾌﾞﾗ,○,Me,店舗・EC,"5,200",定番,通年,夏,0,なし,一般~グラマー,見せない,all,4,高さ/自然,中
ME124301,ME124301.jpg,ﾌﾞﾗﾃﾞﾘｽ Perfumyﾚｰｼｨﾌﾞﾗ24A1,○,Me,店舗・EC,"5,700",2024AW,2024年7月,夏,0,なし,一般~グラマー,見せない,日中,4,高さ/自然,中
ME124302,ME124302.jpg,ﾌﾞﾗﾃﾞﾘｽ ﾌﾛﾝﾄﾎｯｸﾌﾞﾗ24A1,○,Me,店舗・EC,"5,000",2024AW,2024年9月,通年,0,なし,プチ~一般,見せない,日中,3,自然,中
ME124303,ME124303.jpg,ﾌﾞﾗﾃﾞﾘｽ WithMeﾌﾞﾗ24A1,○,Me,店舗・EC,"5,500",2024AW,2024年10月,通年,0,なし,プチ~一般,見せない,日中,3,高さ/自然,中
ME124304,ME124304.jpg,ﾌﾞﾗﾃﾞﾘｽ ﾌﾚﾝﾄﾞﾘｰｻﾎﾟｰﾄﾌﾞﾗ,○,Me,店舗・EC,"4,500",定番,通年,通年,0,なし,一般~グラマー,見せない,all,2,自然,弱
ME125101,ME125101.jpg,ﾌﾞﾗﾃﾞﾘｽ Perfumyﾊﾞｯｸｽﾑｰｽﾞﾌﾞﾗ25S1,○,Me,店舗・EC,"6,000",2025SS,2025年1月,通年,0,なし,一般~グラマー,見せない,日中,4,高さ,強
ME125102,ME125102.jpg,ﾌﾞﾗﾃﾞﾘｽ Plushﾌﾞﾗ25S1,○,Me,店舗・EC,"5,400",2025SS,2025年4月,通年,0,なし,プチ~一般,見せない,日中,3,高さ/自然,中
ME125301,ME125301.jpg,ﾌﾞﾗﾃﾞﾘｽ LiftMeUpﾌﾞﾗ,○,Me,店舗・EC,"5,500",定番,通年,夏,0,なし,プチ~一般,見せない,日中,3,高さ/自然,中
ME125302,ME125302.jpg,ﾌﾞﾗﾃﾞﾘｽ Sweet Night Bra,○,Me,店舗・EC,"5,800",2025AW,2025年8月,通年,0,なし,一般,見せない,就寝,3,高さ/自然,中
ME125303,ME125303.jpg,ﾌﾞﾗﾃﾞﾘｽ ﾌﾚﾝﾄﾞﾘｰﾎｰﾙﾄﾞﾌﾞﾗ,×,Me,店舗・EC,"5,000",定番,通年,通年,0,なし,一般~グラマー,見せない,all,2,自然,弱
ME518306,ME518306.jpg,BRADELISHUGME Bra Camisole,○,Me,店舗・EC,"5,400",定番,通年,通年,0,なし,プチ~一般,見せない,日中,3,高さ/自然,中
ME522301,ME522301.jpg,ﾌﾞﾗﾃﾞﾘｽ ｵｰﾙｲﾝﾜﾝﾌﾞﾗｷｬﾐ,○,Me,店舗・EC,"5,800",定番,通年,通年,0,なし,一般~グラマー,見せない,all,4,高さ/自然,中
ME524301,ME524301.jpg,ﾌﾞﾗﾃﾞﾘｽ Perfumyﾚｰｼｨﾌﾞﾗｷｬﾐ24A1,○,Me,店舗・EC,"6,300",2024AW,2024年7月,夏,0,なし,一般~グラマー,見せない,日中,4,高さ/自然,中
ME524302,ME524302.jpg,ﾌﾞﾗﾃﾞﾘｽ Perfumyﾌﾞﾗｷｬﾐ24A1,○,Me,店舗・EC,"6,000",2024AW,2024年9月,通年,0,なし,一般,見せない,日中,4,高さ/自然,強
ME525101,ME525101.jpg,ﾌﾞﾗﾃﾞﾘｽ ｺﾝﾌｫｰﾄﾌﾞﾗﾄｯﾌﾟ,○,Me,店舗・EC,"5,600",定番,通年,夏,0,なし,一般,見せる,日中,2,自然,弱
ME525301,ME525301.jpg,ﾌﾞﾗﾃﾞﾘｽ LiftMeUpﾌﾞﾗｷｬﾐ,○,Me,店舗・EC,"6,000",定番,通年,夏,0,なし,プチ~一般,見せない,日中,3,高さ/自然,中
ME525303,ME525303.jpg,ﾌﾞﾗﾃﾞﾘｽ Perfumyﾌﾟﾗｽﾌﾞﾗｷｬﾐ25A1,×,Me,店舗・EC,"6,300",2025AW,2025年10月,通年,0,なし,一般,見せない,日中,4,高さ/自然,中
ME525304,ME525304.jpg,ﾌﾞﾗﾃﾞﾘｽ ﾍﾞﾛｱﾌﾞﾗｷｬﾐ,×,Me,店舗・EC,"6,500",2025AW,2025年9月,冬,0,なし,一般,見せる,日中,2,自然,弱
ME525305,ME525305.jpg,ﾌﾞﾗﾃﾞﾘｽ ﾃﾞｲﾘｰｺﾝﾌｫｰﾄﾌﾞﾗﾄｯﾌﾟ,×,Me,店舗・EC,"5,600",定番,通年,夏,0,なし,一般,見せる,日中,2,自然,弱
ME126101,ME126101.jpg,ﾌﾞﾗﾃﾞﾘｽ Dreamy Night Bra,×,Me,店舗・EC,"6,000",2026SS,2026年2月,通年,0,なし,プチ,見せない,就寝,2,自然,弱
ME126104,ME126104.jpg,ﾌﾞﾗﾃﾞﾘｽ Lacy Cool Bra26S1,×,Me,店舗・EC,"6,000",2026SS,2026年3月,夏,0,なし,一般~グラマー,見せる,日中,2,自然,弱
ME126103,ME126103.jpg,ﾌﾞﾗﾃﾞﾘｽ Lovely Back Bra26S1,×,Me,店舗・EC,"6,300",2026SS,2026年3月,夏,0,なし,プチ~一般,見せる,日中,2,自然,中
ME06601,ME06601.jpg,新オールインワンライト,×,Me,店舗・EC,"5,400",定番,通年,夏,0,なし,一般~グラマー,見せない,all,4,高さ/自然,中
ME09502,ME09502.jpg,新オールインワンライトブラキャミ,×,Me,店舗・EC,"6,000",定番,通年,夏,0,なし,一般~グラマー,見せない,all,4,高さ/自然,中
ME526101,ME526101.jpg,ﾌﾞﾗﾃﾞﾘｽ Lacy Tube Top,×,Me,店舗・EC,"6,300",2026SS,2026年3月,夏,0,なし,一般,見せる,日中,2,自然,中
ME08503,ME08503.jpg,シルク混ナイトブラ,×,Me,店舗・EC,"5,400",定番,通年,通年,0,なし,一般,見せない,就寝,2,自然,弱
MG121102,MG121102.jpg,ﾌﾞﾗﾃﾞﾘｽ ﾁｬﾚﾝｼﾞﾌﾞﾗ,○,MAGIC,EC,"6,800",定番,2021年,通年,1,あり,一般,見せない,日中,5,自然,強
MG122201,MG122201.jpg,ｼｰﾑﾚｽﾊｰﾄｶｯﾌﾟﾌﾞﾗ,○,MAGIC,EC,"4,800",定番,2022年,通年,0,なし,一般~グラマー,見せない,日中,3,高さ/自然,中
MG124301,MG124301.jpg,ﾌﾞﾗﾃﾞﾘｽ ﾃﾞｲﾘｰﾅｲﾄﾌﾞﾗ,○,MAGIC,EC,"6,300",定番,2024年9月,通年,0,なし,プチ~一般,見せない,all,2,自然,弱
MG125201,MG125201.jpg,ﾌﾛｰﾗﾙﾌｨｯﾄﾉﾝﾜｲﾔｰﾌﾞﾗ,○,MAGIC,EC,"6,300",25SS,2025年7月,通年,0,なし,一般,見せない,日中,3,高さ/自然,中
MG125301,MG125301.jpg,ﾌﾞﾗﾃﾞﾘｽ ｼｰﾑﾚｽｽｷﾝﾌﾞﾗ,×,MAGIC,EC,"6,800",定番,2025年10月予定,通年,0,なし,一般~グラマー,見せない,日中,3,高さ/自然,中
MG07501,MG07501.jpg,Newイージーナイト,×,MAGIC,EC,"5,000",定番,2026年3月予定,通年,0,なし,プチ~一般,見せない,就寝,1,自然,弱
MG07504,MG07504.jpg,ミニマイザー,×,MAGIC,EC,"6,300",定番,2026年3月予定,通年,0,なし,グラマー,見せない,日中,2,自然,弱
MG523101,MG523101.jpg,軽やかﾌｨｰﾙ快適ﾌﾞﾗｷｬﾐ,○,MAGIC,EC,"5,400",定番,2023年7月,通年,0,なし,一般,見せる,日中,2,自然,弱
MG525401,MG525401.jpg,やわらかブラタンクトップ,×,MAGIC,EC,"5,600",定番,2025年12月予定,通年,0,なし,一般,見せない,日中,2,自然,弱
MG525402,MG525402.jpg,やわらかウォームブラインナー,×,MAGIC,EC,"6,300",定番,2025年12月予定,冬,0,なし,一般,見せない,日中,2,自然,弱
MG525403,MG525403.jpg,ベロアタッチリブブラタンクトップ,×,MAGIC,EC,"5,800",定番,2025年12月予定,冬,0,なし,一般,見せる,日中,2,自然,弱
MG525404,MG525404.jpg,ベロアタッチリブブラワンピース,×,MAGIC,EC,"7,000",定番,2025年12月予定,冬,0,なし,一般,見せる,日中,2,自然,弱
MG07502,MG07502.jpg,ひんやりブラキャミ,×,MAGIC,EC,"5,400",定番,2026年4月予定,夏,0,なし,一般,見せる,日中,2,自然,弱
MG02503,MG02503.jpg,リブブラタンクトップ,×,MAGIC,EC,"5,400",定番,2026年2月予定,夏,0,なし,一般,見せる,日中,2,自然,弱
MG07505,MG07505.jpg,Aラインブラトップ,×,MAGIC,EC,"5,600",定番,2026年3月予定,夏,0,なし,一般,見せる,日中,2,自然,弱
,,,,,,,,,,,,,,,,,
,,,,,,,,,,,,,,,,,
,,,,,,,,,,,,,,,,,
,,,,,,,,,,,,,,,,,
,,,,,,,,,,,,,,,,,
,,,,,,,,,,,,,,,,,
,,,,,,,,,,,,,,,,,
,,,,,,,,,,,,,,,,,
,,,84,,,,,,,,,,,,,,