品番,AA598017,BC730662,BY520328,FT814555,GN888179,HQ186018,II067440,IL590822,JS348244,KY124041,LI971013,NO407338,OA139405,PA751345,RJ664372,SJ372019,TZ848437,VK309827,VP052641,WE759046,WW135442,YH305068,YI881281,ZW286556
AA598017,0.0,6.529641762754003e-06,2.808180220054999e-07,3.12965197181163e-05,5.183748856446199e-06,5.052418232009769e-06,5.180252435771674e-07,4.742040137822628e-06,3.871315033769518e-07,5.984881500688643e-06,3.4183119012929915e-06,1.2986175637878196e-05,4.268690459521915e-05,5.027017701330973e-07,8.722083309642632e-06,1.6995426896716496e-05,4.532725203851072e-06,0.0002744536846795,1.206711347570545e-05,4.680437023604807e-05,1.045302915152612e-05,1.7049566870219974e-07,1.980095920766792e-06,0.0015546081452552
BC730662,6.529641762754003e-06,0.0,0.0005994201751837,2.083826480810702e-06,2.014093365856702e-05,0.00158811968931,2.81939831314943e-05,4.0475283163511446e-05,2.5915067853749165e-05,9.662542461065818e-06,1.5315041470202857e-05,0.0003482035939996,1.7097483573146643e-05,1.462398778247656e-05,7.998901884815131e-05,4.52197925347774e-06,6.309617305918368e-07,6.664401237517766e-07,8.366628716013307e-06,0.0002437843004556,6.997574368997098e-05,9.241115862931882e-05,2.1227869997943744e-06,1.9247683294847123e-05
BY520328,2.808180220054999e-07,0.0005994201751837,0.0,2.122386147100728e-06,2.880942335965999e-05,9.427473528906214e-05,5.780708213854605e-06,5.171359062146574e-05,4.5019901520097896e-05,2.09714788164899e-05,2.5888981758839437e-05,1.235561112017421e-05,2.530296318272058e-06,0.001661064134567,3.364817517713256e-05,3.185200109180505e-07,3.3362715440831306e-06,1.651102395076628e-07,4.457591706822087e-06,1.919814108915176e-05,2.265864586568853e-05,0.0001395830087824,1.242935485231158e-06,4.954889122630434e-06
FT814555,3.12965197181163e-05,2.083826480810702e-06,2.122386147100728e-06,0.0,4.993483458938907e-07,1.1140005497092953e-06,1.775101386265483e-06,8.680713733444125e-05,3.279938928074211e-06,1.7633734328805142e-05,1.0973580195895156e-06,3.0784727098674382e-06,1.644615656836584e-05,2.5180579694755604e-07,0.0002270462067767,1.4598854724987064e-05,0.0015722694695505,0.0001257194609299,0.0002689396362067,2.774703918571431e-06,0.0004104190092617,2.0427691345420916e-06,1.472380602460886e-05,4.576141276927403e-05
GN888179,5.183748856446199e-06,2.014093365856702e-05,2.880942335965999e-05,4.993483458938907e-07,0.0,1.3800261344661564e-05,3.377226697028676e-06,6.715898903573326e-06,1.829210503821648e-06,4.407437676290674e-06,1.4797715517661338e-05,5.490425645749469e-07,0.0016371129574974,6.639015795937282e-05,2.7927504444287453e-07,2.519379997790997e-05,2.772504954767904e-06,7.930131254899289e-06,4.892931386787502e-06,2.8182813218696416e-06,5.5562665953964466e-08,6.20365946602785e-06,1.0934316277541545e-05,4.917724804786168e-05
HQ186018,5.052418232009769e-06,0.00158811968931,9.427473528906214e-05,1.1140005497092953e-06,1.3800261344661564e-05,0.0,1.5198893259387916e-05,8.36966863343928e-05,6.6411901546658785e-06,9.43693437882634e-06,1.6885381830647753e-05,0.0001143295742654,6.0520334262336275e-06,4.977242199251584e-06,3.3948423207684777e-06,1.8432838634751357e-05,7.31673814646292e-07,5.647755517012358e-06,1.0130997745488102e-05,0.0004438051830953,2.108943745517204e-05,4.818853783319888e-06,2.390967453216939e-06,1.8461342680130816e-06
II067440,5.180252435771674e-07,2.81939831314943e-05,5.780708213854605e-06,1.775101386265483e-06,3.377226697028676e-06,1.5198893259387916e-05,0.0,7.483868982162221e-06,8.263104428057053e-05,7.624394762878763e-06,0.0003530710061842,8.276246098846915e-06,5.100577205024352e-06,4.35887305751689e-05,5.84566939782114e-06,4.163732544410695e-06,8.493276522453328e-06,2.175471211171637e-06,1.0117133787637705e-05,7.354795903837471e-05,2.819821434413856e-05,0.0001072966946232,0.0018881550042606,9.258156955677318e-06
IL590822,4.742040137822628e-06,4.0475283163511446e-05,5.171359062146574e-05,8.680713733444125e-05,6.715898903573326e-06,8.36966863343928e-05,7.483868982162221e-06,0.0,5.581340451739697e-05,1.4960189217995113e-05,2.2047934466656728e-05,1.0953699372467186e-05,1.8502223834962212e-06,1.1357917465108254e-05,4.126146094620876e-05,3.964552683871436e-05,1.9622235618034235e-05,3.116822592149967e-05,0.0020185774655005,1.8252767460672965e-05,0.0003177709110374,2.1344712401529957e-06,6.108986938592057e-06,4.201989969440827e-06
JS348244,3.871315033769518e-07,2.5915067853749165e-05,4.5019901520097896e-05,3.279938928074211e-06,1.829210503821648e-06,6.6411901546658785e-06,8.263104428057053e-05,5.581340451739697e-05,0.0,5.223879045922965e-06,2.5356232394999555e-05,2.3805034674914812e-05,2.475727707657084e-07,7.678732472591022e-05,3.6734559997133826e-05,7.77048432248617e-06,2.5083088163480738e-06,4.902910357984577e-06,2.3352351530315483e-05,3.812685829890946e-06,6.524688871338364e-06,0.001581807459615,4.336337314382979e-05,1.8126981816922077e-06
KY124041,5.984881500688643e-06,9.662542461065818e-06,2.09714788164899e-05,1.7633734328805142e-05,4.407437676290674e-06,9.43693437882634e-06,7.624394762878763e-06,1.4960189217995113e-05,5.223879045922965e-06,0.0,0.0017235666877557,4.0519693060680375e-05,3.1099920909608058e-06,5.47257863610036e-05,2.200083962375254e-05,5.412567004886132e-05,1.349242628815031e-05,0.0002717130628261,2.383320276946069e-06,1.5876470730343406e-05,7.238901948657021e-05,2.849625406974263e-05,4.346185690689879e-06,1.6266064101622644e-05
LI971013,3.4183119012929915e-06,1.5315041470202857e-05,2.5888981758839437e-05,1.0973580195895156e-06,1.4797715517661338e-05,1.6885381830647753e-05,0.0003530710061842,2.2047934466656728e-05,2.5356232394999555e-05,0.0017235666877557,0.0,3.52591149320889e-05,4.789805454057338e-06,0.0003081099317503,2.024700853471375e-06,2.5582455392098895e-05,3.4212149756874264e-05,4.9381755613339016e-05,7.846279351177274e-06,8.987933071423959e-05,8.620988795044755e-06,2.8732864271446025e-05,2.467694223199083e-05,1.0934881058037395e-05
NO407338,1.2986175637878196e-05,0.0003482035939996,1.235561112017421e-05,3.0784727098674382e-06,5.490425645749469e-07,0.0001143295742654,8.276246098846915e-06,1.0953699372467186e-05,2.3805034674914812e-05,4.0519693060680375e-05,3.52591149320889e-05,0.0,3.412911607873972e-07,1.862233694545808e-05,6.713298384597732e-05,3.101190918057856e-06,5.292178952908815e-06,7.596126872155558e-06,3.3332716173766503e-06,0.0016679681712109,4.760703450253418e-05,2.542489030900571e-05,2.949834829000562e-06,1.2339803628258902e-06
OA139405,4.268690459521915e-05,1.7097483573146643e-05,2.530296318272058e-06,1.644615656836584e-05,0.0016371129574974,6.0520334262336275e-06,5.100577205024352e-06,1.8502223834962212e-06,2.475727707657084e-07,3.1099920909608058e-06,4.789805454057338e-06,3.412911607873972e-07,0.0,8.936410232267143e-06,3.6117767336938433e-07,6.789034396511064e-06,9.075106532000896e-06,4.463780423936855e-06,9.674239023809793e-06,9.087799384266488e-07,7.140457081076673e-07,1.8814331345807898e-05,1.7877860206524147e-05,0.0001223398881647
PA751345,5.027017701330973e-07,1.462398778247656e-05,0.001661064134567,2.5180579694755604e-07,6.639015795937282e-05,4.977242199251584e-06,4.35887305751689e-05,1.1357917465108254e-05,7.678732472591022e-05,5.47257863610036e-05,0.0003081099317503,1.862233694545808e-05,8.936410232267143e-06,0.0,1.8227257526800624e-06,4.801312670961482e-07,7.02758360327048e-06,4.650044793052179e-07,5.7862558850316536e-06,7.070667437610934e-06,2.052926465914877e-06,0.0004602835510422,1.0077736241527347e-05,5.722648574033683e-06
RJ664372,8.722083309642632e-06,7.998901884815131e-05,3.364817517713256e-05,0.0002270462067767,2.7927504444287453e-07,3.3948423207684777e-06,5.84566939782114e-06,4.126146094620876e-05,3.6734559997133826e-05,2.200083962375254e-05,2.024700853471375e-06,6.713298384597732e-05,3.6117767336938433e-07,1.8227257526800624e-06,0.0,2.2886717046791807e-06,7.545062117868409e-06,6.664879493669884e-06,2.827519419066487e-05,3.305217466331988e-05,0.0015612529421277,2.1369376868094117e-05,1.914270610843764e-06,7.01773905015862e-05
SJ372019,1.6995426896716496e-05,4.52197925347774e-06,3.185200109180505e-07,1.4598854724987064e-05,2.519379997790997e-05,1.8432838634751357e-05,4.163732544410695e-06,3.964552683871436e-05,7.77048432248617e-06,5.412567004886132e-05,2.5582455392098895e-05,3.101190918057856e-06,6.789034396511064e-06,4.801312670961482e-07,2.2886717046791807e-06,0.0,1.4592320855639263e-05,0.0020094266061647,4.121513482849139e-05,6.908922145485794e-05,1.3276718941132784e-05,7.53206402213277e-06,1.1604137611685496e-05,3.592412659663589e-05
TZ848437,4.532725203851072e-06,6.309617305918368e-07,3.3362715440831306e-06,0.0015722694695505,2.772504954767904e-06,7.31673814646292e-07,8.493276522453328e-06,1.9622235618034235e-05,2.5083088163480738e-06,1.349242628815031e-05,3.4212149756874264e-05,5.292178952908815e-06,9.075106532000896e-06,7.02758360327048e-06,7.545062117868409e-06,1.4592320855639263e-05,0.0,5.096834556553651e-05,5.906293211608486e-05,1.5295067773583944e-05,1.5428052974623798e-05,1.6131399097801875e-06,6.175031836355193e-05,4.691805467271553e-06
VK309827,0.0002744536846795,6.664401237517766e-07,1.651102395076628e-07,0.0001257194609299,7.930131254899289e-06,5.647755517012358e-06,2.175471211171637e-06,3.116822592149967e-05,4.902910357984577e-06,0.0002717130628261,4.9381755613339016e-05,7.596126872155558e-06,4.463780423936855e-06,4.650044793052179e-07,6.664879493669884e-06,0.0020094266061647,5.096834556553651e-05,0.0,2.8860305225039685e-05,3.778722628531558e-05,1.873551495835124e-05,8.986651277076428e-07,9.266325610860364e-06,7.997165132493791e-05
VP052641,1.206711347570545e-05,8.366628716013307e-06,4.457591706822087e-06,0.0002689396362067,4.892931386787502e-06,1.0130997745488102e-05,1.0117133787637705e-05,0.0020185774655005,2.3352351530315483e-05,2.383320276946069e-06,7.846279351177274e-06,3.3332716173766503e-06,9.674239023809793e-06,5.7862558850316536e-06,2.827519419066487e-05,4.121513482849139e-05,5.906293211608486e-05,2.8860305225039685e-05,0.0,1.4972286899384502e-05,0.0003228474841204,3.9729168088857945e-06,1.3008156722118596e-05,1.206067208364092e-05
WE759046,4.680437023604807e-05,0.0002437843004556,1.919814108915176e-05,2.774703918571431e-06,2.8182813218696416e-06,0.0004438051830953,7.354795903837471e-05,1.8252767460672965e-05,3.812685829890946e-06,1.5876470730343406e-05,8.987933071423959e-05,0.0016679681712109,9.087799384266488e-07,7.070667437610934e-06,3.305217466331988e-05,6.908922145485794e-05,1.5295067773583944e-05,3.778722628531558e-05,1.4972286899384502e-05,0.0,0.000128471132504,5.264508965046587e-06,1.5292799475268456e-05,9.339732123192906e-06
WW135442,1.045302915152612e-05,6.997574368997098e-05,2.265864586568853e-05,0.0004104190092617,5.5562665953964466e-08,2.108943745517204e-05,2.819821434413856e-05,0.0003177709110374,6.524688871338364e-06,7.238901948657021e-05,8.620988795044755e-06,4.760703450253418e-05,7.140457081076673e-07,2.052926465914877e-06,0.0015612529421277,1.3276718941132784e-05,1.5428052974623798e-05,1.873551495835124e-05,0.0003228474841204,0.000128471132504,0.0,1.095141524940327e-05,7.397839887673648e-06,1.8356279252729988e-05
YH305068,1.7049566870219974e-07,9.241115862931882e-05,0.0001395830087824,2.0427691345420916e-06,6.20365946602785e-06,4.818853783319888e-06,0.0001072966946232,2.1344712401529957e-06,0.001581807459615,2.849625406974263e-05,2.8732864271446025e-05,2.542489030900571e-05,1.8814331345807898e-05,0.0004602835510422,2.1369376868094117e-05,7.53206402213277e-06,1.6131399097801875e-06,8.986651277076428e-07,3.9729168088857945e-06,5.264508965046587e-06,1.095141524940327e-05,0.0,3.424014373988171e-05,6.96246042883824e-06
YI881281,1.980095920766792e-06,2.1227869997943744e-06,1.242935485231158e-06,1.472380602460886e-05,1.0934316277541545e-05,2.390967453216939e-06,0.0018881550042606,6.108986938592057e-06,4.336337314382979e-05,4.346185690689879e-06,2.467694223199083e-05,2.949834829000562e-06,1.7877860206524147e-05,1.0077736241527347e-05,1.914270610843764e-06,1.1604137611685496e-05,6.175031836355193e-05,9.266325610860364e-06,1.3008156722118596e-05,1.5292799475268456e-05,7.397839887673648e-06,3.424014373988171e-05,0.0,3.992572043200553e-06
ZW286556,0.0015546081452552,1.9247683294847123e-05,4.954889122630434e-06,4.576141276927403e-05,4.917724804786168e-05,1.8461342680130816e-06,9.258156955677318e-06,4.201989969440827e-06,1.8126981816922077e-06,1.6266064101622644e-05,1.0934881058037395e-05,1.2339803628258902e-06,0.0001223398881647,5.722648574033683e-06,7.01773905015862e-05,3.592412659663589e-05,4.691805467271553e-06,7.997165132493791e-05,1.206067208364092e-05,9.339732123192906e-06,1.8356279252729988e-05,6.96246042883824e-06,3.992572043200553e-06,0.0
